s,M,total_time,t,nubs_x,nubs_y,nubs_z,minco_x,minco_y,minco_z,err_d0,err_d1,err_d2,err_d3,err_d4
4,8,8.6099999999999994,0,0.25863752675858848,0.28664186637271483,0.27021980252394712,0.25863752675858848,0.28664186637271483,0.27021980252394712,0,6.1834071692674097e-16,4.4532470143609525e-15,5.4879865091547423e-14,2.7010345425180432e-12
4,8,8.6099999999999994,0.020499999999999997,0.26021476335946181,0.2886709516018523,0.27125596806483243,0.26021476335946181,0.28867095160185219,0.27125596806483238,1.2412670766236366e-16,4.3978575996169791e-16,1.0338251345675849e-14,4.9780597888521348e-14,1.9564584884364705e-12
4,8,8.6099999999999994,0.040999999999999995,0.26182076129284337,0.29072434916989959,0.27229216382509014,0.26182076129284348,0.29072434916989964,0.27229216382509031,2.0770370905276122e-16,4.9065389333867972e-16,8.7074465180469419e-15,7.3378267277076098e-14,1.8237571142839873e-12
4,8,8.6099999999999994,0.061499999999999999,0.26347796482862351,0.29282342822185031,0.27334561279886199,0.26347796482862351,0.29282342822185048,0.2733456127988621,2.0014830212433605e-16,6.522929349331863e-16,1.7936738756247963e-15,6.5720701999532423e-14,1.5417467554165532e-12
4,8,8.6099999999999994,0.08199999999999999,0.26522076843167425,0.2950010323854409,0.27444295648926043,0.26522076843167425,0.2950010323854409,0.27444295648926037,5.5511151231257827e-17,8.6822173448558875e-16,4.3148986034877215e-15,1.0164502582851554e-13,1.1421187106971403e-12
4,8,8.6099999999999994,0.10249999999999999,0.26709328263369564,0.29729932253163749,0.27561848018714757,0.26709328263369564,0.29729932253163754,0.27561848018714774,1.7554167342883506e-16,1.1084000683528569e-15,3.080743865682491e-15,1.275703745965711e-13,7.8810208765129684e-13
4,8,8.6099999999999994,0.123,0.26914726736047839,0.29976778149769195,0.2769124715176044,0.26914726736047834,0.29976778149769212,0.27691247151760462,2.8305244335018379e-16,8.9174910935615156e-16,4.5519144009631418e-15,1.5596069104612444e-13,6.5019513574892359e-13
4,8,8.6099999999999994,0.14349999999999999,0.27144022744077795,0.30246137566940767,0.27836970805850564,0.27144022744077795,0.30246137566940767,0.27836970805850564,0,7.3656938935438003e-16,6.1963972896598502e-15,1.3775644426304222e-13,3.471902961797629e-13
4,8,8.6099999999999994,0.16399999999999998,0.27403366502300008,0.30543886831926353,0.28003806983562557,0.27403366502300008,0.30543886831926365,0.28003806983562574,2.0014830212433605e-16,8.6722294900631844e-16,1.0056561700683913e-14,1.9497488818460843e-13,2.7126690564814795e-13
4,8,8.6099999999999994,0.1845,0.27699148362588916,0.30876127959704097,0.28196727249869169,0.27699148362588893,0.30876127959704097,0.28196727249869158,2.4825341532472731e-16,8.4152506828447286e-16,1.1671607325915034e-14,1.8739512282025527e-13,2.1413804873005003e-13
4,8,8.6099999999999994,0.20499999999999999,0.28037853854941835,0.31249048806959451,0.28420771698280245,0.28037853854941835,0.31249048806959456,0.28420771698280256,1.2412670766236366e-16,1.0228221476831377e-15,1.6428299887655408e-14,1.9379597218896771e-13,3.1721774393938346e-13
4,8,8.6099999999999994,0.22549999999999998,0.28425932837207724,0.31668796870641702,0.28680945145963516,0.28425932837207718,0.31668796870641736,0.28680945145963538,4.0412728104402651e-16,1.0706603116298291e-15,1.9617047083589542e-14,1.8076340214534449e-13,2.5414942636074639e-13
4,8,8.6099999999999994,0.246,0.28869682226074994,0.32141366220763873,0.28982124138285664,0.28869682226074977,0.32141366220763867,0.2898212413828567,1.8410966031475738e-16,1.5949195185170507e-15,2.4761707101551609e-14,1.8507600969764166e-13,5.2844750018165299e-13
4,8,8.6099999999999994,0.26649999999999996,0.29375141781938424,0.32672497057110567,0.29328974343215941,0.29375141781938413,0.32672497057110572,0.29328974343215947,1.3597399555105182e-16,1.9076784904469936e-15,2.5145019696445676e-14,1.7287794612154337e-13,5.095141387413821e-13
4,8,8.6099999999999994,0.28699999999999998,0.29948002420264436,0.33267587379518793,0.29725877916034321,0.29948002420264402,0.33267587379518782,0.29725877916034327,3.554447978966673e-16,2.6664138806081699e-15,3.0241301363929996e-14,1.5884494343067411e-13,6.204242551870479e-13
4,8,8.6099999999999994,0.30749999999999994,0.3059352652207431,0.33931616261395242,0.30176870414785961,0.30593526522074277,0.33931616261395237,0.30176870414785956,3.4219371797089426e-16,3.2530908161960346e-15,3.1541277860873816e-14,1.4812156058870392e-13,7.4530818794672291e-13
4,8,8.6099999999999994,0.32799999999999996,0.31316479716165341,0.34669078216135524,0.30685586846923874,0.31316479716165313,0.34669078216135513,0.30685586846923885,3.1888728582940721e-16,3.8206031244424931e-15,3.6105982186949276e-14,1.389658669423419e-13,7.3995444258129834e-13
4,8,8.6099999999999994,0.34850000000000003,0.32121073605688921,0.35483928146109006,0.31255216427582055,0.32121073605688877,0.35483928146109001,0.31255216427582072,4.7752497883927362e-16,4.5552979697058054e-15,3.7945597468674175e-14,1.1874218032977058e-13,8.0077252129526309e-13
4,8,8.6099999999999994,0.36899999999999999,0.33010918911705633,0.36379536363874254,0.31888465629920526,0.33010918911705583,0.36379536363874238,0.31888465629920537,5.3820057937152048e-16,5.1003843918696235e-15,4.1119039858945026e-14,1.1913350064647572e-13,9.2452504997164389e-13
4,8,8.6099999999999994,0.38949999999999996,0.33988988506336704,0.37358653175289258,0.32587529107984614,0.33988988506336659,0.37358653175289247,0.32587529107984642,5.3533015581491455e-16,5.8750103056360916e-15,4.2379701107510642e-14,9.7166526297475255e-14,8.6663642356112688e-13
4,8,8.6099999999999994,0.40999999999999998,0.35057589808131606,0.38423382514181231,0.33354068072520371,0.35057589808131551,0.38423382514181198,0.33354068072520388,6.6844277772883352e-16,7.1149619396191873e-15,4.1720757272251935e-14,9.5242900820741313e-14,9.1373834346131897e-13
4,8,8.6099999999999994,0.43049999999999999,0.36218346012271041,0.39575164118239831,0.34189195700187675,0.36218346012270963,0.39575164118239786,0.3418919570018768,8.9681009404227243e-16,7.9758533358561797e-15,4.463483187081212e-14,8.9881862365394222e-14,9.5469554257109376e-13
4,8,8.6099999999999994,0.45099999999999996,0.37472185628225363,0.40814763735799153,0.3509346915661351,0.3747218562822528,0.40814763735799098,0.35093469156613527,1.0145033081663849e-15,8.8337760815327319e-15,4.348447527353602e-14,8.7172221385398456e-14,8.4174576471033555e-13
4,8,8.6099999999999994,0.47149999999999992,0.38819339797487706,0.42142270853172192,0.36066887813727028,0.38819339797487606,0.42142270853172131,0.36066887813727044,1.1827914066321619e-15,9.632744363711804e-15,4.5758970284409229e-14,7.5208903791157176e-14,7.6643982558205951e-13
4,8,8.6099999999999994,0.49199999999999999,0.40259346864001522,0.43557103432202682,0.37108897241818278,0.40259346864001389,0.43557103432202576,0.37108897241818273,1.700128130623208e-15,1.1081115931092324e-14,4.9829104940618133e-14,7.6738178567527257e-14,7.7580236932315644e-13
4,8,8.6099999999999994,0.51249999999999996,0.41791063669902018,0.45058019147698458,0.38218398556762695,0.41791063669901879,0.45058019147698375,0.38218398556762706,1.6222178263139383e-15,1.2001711166025415e-14,5.010145108091441e-14,7.8879294968352915e-14,7.5092635912349138e-13
4,8,8.6099999999999994,0.53299999999999992,0.43412683049191475,0.4664313261441142,0.39393762702853369,0.43412683049191325,0.46643132614411309,0.39393762702853374,1.866033584759964e-15,1.2711447600577306e-14,4.7791200441584546e-14,8.8672283480037488e-14,6.4067160558635412e-13
4,8,8.6099999999999994,0.55349999999999988,0.45121756991967343,0.48309938093227683,0.40632849251682651,0.4512175699196716,0.48309938093227539,0.40632849251682657,2.3327896713721481e-15,1.4845886344296329e-14,4.6434936987164165e-14,1.0302199684567272e-13,6.2061749100358942e-13
4,8,8.6099999999999994,0.57399999999999995,0.46915224951823448,0.50055337166233138,0.41933029297515506,0.4691522495182322,0.50055337166232983,0.41933029297515495,2.758295425132583e-15,1.4658307851166625e-14,4.8785680838319443e-14,9.8936258910515813e-14,4.8094348855690333e-13
4,8,8.6099999999999994,0.59450000000000003,0.48789446769043282,0.51875670870318513,0.43291212029596049,0.48789446769043066,0.51875670870318358,0.43291212029596066,2.6703114099481548e-15,1.5193839157432945e-14,4.9918570574220646e-14,1.0335359460414389e-13,4.9491227063743658e-13
4,8,8.6099999999999994,0.61499999999999988,0.50740239682205657,0.53766755778988673,0.44703874561829859,0.50740239682205424,0.53766755778988473,0.44703874561829843,3.0752376166597408e-15,1.7005630757880324e-14,4.5812811986900328e-14,1.1827455530368399e-13,4.2905545194342343e-13
4,8,8.6099999999999994,0.63549999999999995,0.52762918900821432,0.55723923522040086,0.46167094600283098,0.52762918900821143,0.55723923522039864,0.46167094600283104,3.6422253440636096e-15,1.8183948383231973e-14,4.9256380478206053e-14,1.267390458860656e-13,3.150718272283514e-13
4,8,8.6099999999999994,0.65599999999999992,0.54852341211621702,0.5774206323277179,0.47676585528941384,0.54852341211621369,0.57742063232771557,0.47676585528941368,4.0690090373342982e-15,2.0185613280212634e-14,4.8554204918348667e-14,1.1791049399275331e-13,2.59202055500845e-13
4,8,8.6099999999999994,0.67649999999999999,0.57002951091116671,0.59815666412393453,0.49227733494169451,0.57002951091116316,0.59815666412393198,0.49227733494169434,4.3783485807382666e-15,2.0359504606908035e-14,5.0527834290480887e-14,1.2260079807277422e-13,1.4281732235759946e-13
4,8,8.6099999999999994,0.69700000000000006,0.59208828797044899,0.61938873701295616,0.50815636068314163,0.59208828797044533,0.61938873701295338,0.50815636068314163,4.5963769555977701e-15,2.0745431487550174e-14,4.8330802229696046e-14,1.1705436797823374e-13,7.8361299671715218e-14
4,8,8.6099999999999994,0.71749999999999992,0.61463739911332305,0.64105523046846213,0.52435142072892515,0.61463739911331894,0.6410552304684588,0.52435142072892527,5.2896039768642194e-15,2.0721651755425097e-14,5.5660165199442397e-14,1.3014769055540541e-13,1.5873316387182331e-13
4,8,8.6099999999999994,0.73799999999999999,0.63761185807180942,0.66309198757378196,0.54080892141806625,0.63761185807180487,0.6630919875737783,0.54080892141806647,5.8474088159349038e-15,2.0886361114067225e-14,5.1767623434344841e-14,1.2001587923450153e-13,4.2936789999969779e-14
4,8,8.6099999999999994,0.75849999999999995,0.66094454512906708,0.68543280932032224,0.55747359605027558,0.66094454512906187,0.68543280932031825,0.55747359605027536,6.5766073563099989e-15,2.3833362237957631e-14,5.7577267492237213e-14,1.2862344616863234e-13,2.8114459799422599e-13
4,8,8.6099999999999994,0.77899999999999991,0.68456671445145778,0.70800994756119517,0.57428891273190141,0.68456671445145245,0.70800994756119118,0.57428891273190175,6.6696596227602666e-15,2.2171128784205891e-14,5.5457084795874566e-14,9.6484960188172128e-14,2.6921074699887282e-13
4,8,8.6099999999999994,0.79949999999999988,0.70840849484049595,0.73075459151668898,0.59119747703540571,0.70840849484049051,0.73075459151668476,0.59119747703540593,6.8878580036218381e-15,2.5994633967032831e-14,5.5606065280579205e-14,1.2743116468891951e-13,1.6685495999422103e-13
4,8,8.6099999999999994,0.81999999999999995,0.73239937863087456,0.75359734272822487,0.60814142527678661,0.73239937863086857,0.7535973427282201,0.60814142527678694,7.6709903629733402e-15,2.9482849860419642e-14,5.4831897000816021e-14,9.3000381530632295e-14,3.5270476753793941e-13
4,8,8.6099999999999994,0.84050000000000002,0.75646869346077683,0.77646867335745762,0.62506280421537486,0.75646869346077683,0.77646867335745751,0.62506280421537475,1.5700924586837752e-16,1.0975496590932791e-14,5.8684046797260203e-14,2.3053833904028895e-13,3.4508674928248624e-13
4,8,8.6099999999999994,0.86099999999999999,0.78054605166215474,0.79929936274795688,0.64190393299748683,0.78054605166215396,0.79929936274795621,0.64190393299748605,1.2851760658783268e-15,1.0642517073391782e-14,6.2527669328866086e-14,2.2240845996023521e-13,4.0147334782730265e-13
4,8,8.6099999999999994,0.88149999999999995,0.80456177259936779,0.82202090772889702,0.65860774362653174,0.80456177259936756,0.82202090772889647,0.65860774362653141,6.8438743594178853e-16,8.1137480692354661e-15,6.6415119790886281e-14,2.1040270026592515e-13,4.3397401002061125e-13
4,8,8.6099999999999994,0.90199999999999991,0.82844727572421428,0.84456590450119429,0.67511809817940305,0.82844727572421373,0.84456590450119395,0.67511809817940283,6.8438743594178853e-16,7.4682615908559576e-15,7.0545850277314865e-14,1.9100792655166585e-13,4.8761885029649501e-13
4,8,8.6099999999999994,0.92249999999999999,0.85213544451360379,0.86686840226743422,0.69138008289330866,0.85213544451360335,0.86686840226743378,0.69138008289330799,9.1551335970444749e-16,5.9880041192891475e-15,7.507365526738691e-14,1.8754029822755112e-13,5.2531530190999905e-13
4,8,8.6099999999999994,0.94299999999999984,0.8755609620056567,0.88886422929875619,0.70734027968356139,0.87556096200565581,0.88886422929875553,0.7073402796835605,1.4217791915866692e-15,5.2133217218192732e-15,7.822937422276162e-14,1.8572275865059925e-13,5.7251074284742425e-13
4,8,8.6099999999999994,0.96349999999999991,0.89866061866915192,0.91049129215039115,0.72294701566805863,0.89866061866915103,0.91049129215039037,0.72294701566805741,1.6983146601011029e-15,4.0275243467429286e-15,8.2444656480718603e-14,1.7313101344266078e-13,5.8792044502233418e-13
4,8,8.6099999999999994,0.98399999999999999,0.92137359334127777,0.93168984873756633,0.73815059127418181,0.92137359334127722,0.93168984873756588,0.73815059127418114,9.7421675031485162e-16,3.7812833677378427e-15,8.5585162405699607e-14,1.6075293320256991e-13,6.175286814967212e-13
4,8,8.6099999999999994,1.0044999999999999,0.94364170796863145,0.95240275598349389,0.75290348750386793,0.94364170796863089,0.95240275598349333,0.75290348750386715,1.1046579618885443e-15,4.247963418737342e-15,8.9504635118778511e-14,1.4043895596427557e-13,6.4928454716998282e-13
4,8,8.6099999999999994,1.0249999999999999,0.96540965688640834,0.97257569275114841,0.76716055293257734,0.96540965688640801,0.97257569275114797,0.76716055293257657,9.5504995767854724e-16,5.2145037469386051e-15,8.9741738277205565e-14,1.3337471054414258e-13,6.4832887784728682e-13
4,8,8.6099999999999994,1.0454999999999999,0.98662521137073644,0.99215735877055777,0.78087917101790927,0.98662521137073578,0.99215735877055722,0.78087917101790805,1.4977727461875691e-15,6.8663501977833561e-15,9.3623337586042717e-14,1.1906892201003595e-13,6.7901458018888921e-13
4,8,8.6099999999999994,1.0659999999999998,1.0072394001990914,1.0110996502733067,0.79401940829359374,1.0072394001990916,1.0110996502733065,0.79401940829359274,1.047382306668854e-15,8.4084278334557389e-15,9.5347928672937366e-14,1.1446824728159773e-13,6.749314505083495e-13
4,8,8.6099999999999994,1.0865,1.0272066669537536,1.0293578130459811,0.8065441440246085,1.0272066669537536,1.0293578130459815,0.80654414402460728,1.2994827337208943e-15,9.7775293889341687e-15,9.7815122024082725e-14,9.9401609912110973e-14,6.7086109796249912e-13
4,8,8.6099999999999994,1.1069999999999998,1.0464850048032319,1.0468905736142495,0.81841918189914764,1.0464850048032321,1.0468905736142502,0.81841918189914686,1.047382306668854e-15,1.2369399248061486e-14,9.8280263220813434e-14,8.9986983459240851e-14,6.9536145901954318e-13
4,8,8.6099999999999994,1.1274999999999999,1.0650360694966254,1.0636602492693117,0.82961334433319422,1.0650360694966257,1.0636602492693119,0.82961334433319311,1.1537776118301384e-15,1.4351108877745457e-14,1.0139199529167513e-13,8.135079193914078e-14,6.9126533268506716e-13
4,8,8.6099999999999994,1.1479999999999999,1.0828252713058488,1.0796328376484103,0.84009854996342082,1.0828252713058488,1.0796328376484103,0.84009854996341937,1.4432899320127035e-15,1.6347444986763583e-14,1.0263001564024788e-13,6.967673374919645e-14,6.7693880402829976e-13
4,8,8.6099999999999994,1.1684999999999999,1.0998218466506793,1.0947780865811343,0.84984987490417152,1.0998218466506797,1.0947780865811347,0.8498498749041703,1.3732700395566711e-15,1.8026087171904597e-14,1.0210406748389047e-13,6.5713199550621633e-14,6.7282431854571741e-13
4,8,8.6099999999999994,1.1890000000000001,1.1159989101415715,1.1090695449132173,0.85884559834425489,1.1159989101415719,1.1090695449132184,0.858845598344254,1.4895204919483639e-15,2.0788166456938561e-14,1.0210382604461148e-13,6.185805626255237e-14,6.6463287864414258e-13
4,8,8.6099999999999994,1.2094999999999998,1.1313334877751757,1.1224845950195448,0.86706723305928612,1.1313334877751766,1.1224845950195461,0.86706723305928513,1.8873791418627661e-15,2.2490512646579504e-14,1.0388840394760752e-13,6.2100679920534241e-14,6.5436511165706658e-13
4,8,8.6099999999999994,1.2299999999999998,1.1458065320175224,1.1350044677180868,0.87449954141532305,1.1458065320175235,1.1350044677180882,0.87449954141532205,2.0014830212433605e-15,2.4313630762393258e-14,1.0646755168757767e-13,6.451112314399761e-14,6.25792135537574e-13
4,8,8.6099999999999994,1.2504999999999997,1.1594029195098017,1.1466142402964632,0.88113053743952863,1.1594029195098039,1.1466142402964659,0.88113053743952818,3.4967619351230766e-15,2.6751307005519235e-14,1.0135162691015574e-13,6.900766234252389e-14,5.7452993507165353e-13
4,8,8.6099999999999994,1.2709999999999999,1.1721114321317065,1.1573028183628682,0.88695147553360731,1.1721114321317083,1.1573028183628709,0.88695147553360665,3.2709212810858001e-15,2.8174794041302987e-14,1.0304687976816054e-13,7.3843624161546364e-14,5.7673358057653377e-13
4,8,8.6099999999999994,1.2914999999999999,1.1839247221572529,1.167062902233041,0.8919568264057377,1.1839247221572557,1.1670629022330441,0.89195682640573759,4.2436087651901192e-15,3.045297689318817e-14,1.0367295656156699e-13,8.2002354442814532e-14,5.581266829794766e-13
4,8,8.6099999999999994,1.3119999999999998,1.194839262238065,1.1758909385650278,0.89614424079676303,1.1948392622380677,1.1758909385650314,0.89614424079676225,4.5083804476868555e-15,3.2494134104834171e-14,1.0191436164050899e-13,8.7740550550486264e-14,5.2936625986501107e-13
4,8,8.6099999999999994,1.3325,1.2048552809490323,1.1837870579534211,0.89951450157635471,1.2048552809490356,1.1837870579534249,0.89951450157635426,5.0536493553203964e-15,3.4681366413511903e-14,1.0152951621941901e-13,1.0291246446646361e-13,5.0506045411640215e-13
4,8,8.6099999999999994,1.353,1.2139766846313147,1.1907549991948039,0.9020714647849073,1.213976684631318,1.1907549991948081,0.90207146478490663,5.4162500785050885e-15,3.6571151829674281e-14,1.0190879805512965e-13,1.090325495612467e-13,4.7015437521113136e-13
4,8,8.6099999999999994,1.3734999999999999,1.2222109662676199,1.1968020209361097,0.90382199019688902,1.2222109662676242,1.1968020209361148,0.90382199019688869,6.6325953756968685e-15,3.921155622300814e-14,9.9716570814907933e-14,1.1632446179141596e-13,4.3744567999340461e-13
4,8,8.6099999999999994,1.3940000000000001,1.2295691021247195,1.2019388014176053,0.90477586198139737,1.2295691021247244,1.2019388014176109,0.90477586198139692,7.4077754231237755e-15,4.0933972090747094e-14,9.7868284953675352e-14,1.1992135555190057e-13,4.0588490487173236e-13
4,8,8.6099999999999994,1.4144999999999999,1.2360654368981312,1.2061793270222161,0.90494570003564923,1.2360654368981367,1.2061793270222225,0.90494570003564911,8.5024529632641473e-15,4.2931788936313321e-14,9.76602557817065e-14,1.2934055352660815e-13,3.5065841928949825e-13
4,8,8.6099999999999994,1.4349999999999998,1.2417175580939295,1.209540770342906,0.90434686256715313,1.241717558093935,1.2095407703429122,0.90434686256715291,8.3377675233003261e-15,4.4638193558535158e-14,9.6522000572235998e-14,1.2926276661702028e-13,3.3444605764322847e-13
4,8,8.6099999999999994,1.4554999999999998,1.2465461603826167,1.212043358479814,0.90299734050029323,1.2465461603826229,1.2120433584798211,0.90299734050029346,9.4440767731181984e-15,4.6163248671614956e-14,9.3285692731160228e-14,1.4562470011850274e-13,3.0116976422328973e-13
4,8,8.6099999999999994,1.476,1.2505749006600178,1.2137102322788851,0.90091764428307397,1.2505749006600244,1.2137102322788933,0.9009176442830743,1.058212033037101e-14,4.8754167726124982e-14,9.3458096781535053e-14,1.3930675754926427e-13,2.5551150368641123e-13
4,8,8.6099999999999994,1.4964999999999999,1.2538302445501259,1.214567297223679,0.8981306836697539,1.2538302445501339,1.2145672972236878,0.89813068366975457,1.1967771643217043e-14,4.9505269515903668e-14,9.1541372488781965e-14,1.4562943998789527e-13,1.8917991845876998e-13
4,8,8.6099999999999994,1.5169999999999999,1.2563413050848633,1.2146430666920875,0.89466164105511436,1.2563413050848722,1.2146430666920973,0.89466164105511492,1.3215385308228646e-14,5.2573458320813037e-14,8.9541534596113021e-14,1.5102232850468237e-13,1.5932841532511442e-13
4,8,8.6099999999999994,1.5375000000000001,1.2581396742956896,1.2139684982896739,0.89053783893609939,1.2581396742956985,1.2139684982896846,0.89053783893610017,1.389554002205336e-14,5.4621554074924465e-14,8.8236402374976602e-14,1.5198495000058942e-13,1.1833790090027541e-13
4,8,8.6099999999999994,1.5579999999999998,1.2592592484520106,1.2125768239713357,0.88578860207656507,1.2592592484520204,1.212576823971347,0.88578860207656629,1.5006092448924425e-14,5.6114898495130278e-14,8.7151022408733856e-14,1.5685907321245292e-13,8.5079889905358978e-14
4,8,8.6099999999999994,1.5784999999999998,1.2597360476813388,1.2105033746630178,0.88044511495087829,1.2597360476813497,1.2105033746630303,0.88044511495087951,1.6567637645783415e-14,5.766697143238383e-14,8.585348260580741e-14,1.5339859568152462e-13,5.8861507759576496e-14
4,8,8.6099999999999994,1.5989999999999998,1.2596080307061397,1.207785400095176,0.87454027504210252,1.2596080307061512,1.2077854000951893,0.87454027504210363,1.7664761301005074e-14,5.8689832846496212e-14,8.6240821088605429e-14,1.5712978270082101e-13,6.5267517864504886e-14
4,8,8.6099999999999994,1.6194999999999999,1.2589149054323183,1.2044618845597128,0.86810854257050984,1.2589149054323303,1.2044618845597272,0.86810854257051118,1.8810991993996493e-14,6.1183703981844865e-14,8.6468057987164241e-14,1.579335080411474e-13,7.7739715685730228e-14
4,8,8.6099999999999994,1.6399999999999999,1.2576979361242946,1.2005733593020973,0.86118578722815875,1.2576979361243072,1.2005733593021124,0.86118578722816008,1.9746994865347523e-14,6.2970452620252265e-14,8.6105508078904316e-14,1.6156304804273178e-13,9.4943738940282434e-14
4,8,8.6099999999999994,1.6604999999999999,1.2559997479016065,1.196161712260374,0.85380913249527302,1.2559997479016198,1.1961617122603907,0.85380913249527424,2.1361625776504539e-14,6.419520835945718e-14,8.4027748716276663e-14,1.6356475396510519e-13,1.4122036873231991e-13
4,8,8.6099999999999994,1.681,1.2538641292919939,1.1912699958627893,0.84601679811416697,1.253864129292009,1.1912699958628066,0.84601679811416874,2.3045620070634814e-14,6.5448290279121386e-14,8.0524545623278613e-14,1.6594919162582723e-13,2.1044018983382703e-13
4,8,8.6099999999999994,1.7015,1.2513358335759062,1.1859422335957277,0.83784794129644879,1.2513358335759224,1.1859422335957466,0.83784794129645079,2.4959038364723063e-14,6.7015945092961558e-14,8.3380484008085744e-14,1.4926947533895695e-13,2.3712617323441099e-13
4,8,8.6099999999999994,1.722,1.2484603796573783,1.1802232260536933,0.82934249723924369,1.248460379657395,1.1802232260537131,0.82934249723924536,2.58967701268451e-14,6.8301931975910879e-14,8.5280233503493975e-14,1.5279508660299205e-13,2.2959412149248237e-13
4,8,8.6099999999999994,1.7424999999999997,1.245283853196226,1.174158357183029,0.82054101952617686,1.245283853196244,1.1741583571830501,0.82054101952617908,2.7809701723608067e-14,6.9684168763546946e-14,8.2557157566135222e-14,1.3279381263940913e-13,2.9392046953980203e-13
4,8,8.6099999999999994,1.7629999999999999,1.241852708736507,1.167793401431102,0.81148452098885326,1.2418527087365252,1.1677934014311235,0.81148452098885515,2.8266243321686736e-14,7.1790342264307219e-14,8.3590651975883837e-14,1.3655147460466714e-13,3.3970170918221369e-13
4,8,8.6099999999999994,1.7834999999999999,1.2382135735661868,1.1611743325126573,0.80221431560457257,1.2382135735662065,1.1611743325126804,0.80221431560457479,3.0475167013127465e-14,7.1715471583561569e-14,8.4737622348814778e-14,1.2836867004515439e-13,3.6528111208675146e-13
4,8,8.6099999999999994,1.8039999999999998,1.234413054042967,1.154347134505064,0.79277186200602057,1.234413054042987,1.154347134505088,0.79277186200602245,3.127303364241137e-14,7.6563105086775956e-14,8.445751214225335e-14,1.2720811196145715e-13,3.8160314738040423e-13
4,8,8.6099999999999994,1.8245,1.230497545121209,1.1473576159841501,0.78319860917867123,1.2304975451212301,1.147357615984175,0.78319860917867312,3.2664904776681023e-14,7.5786547122750917e-14,8.700056790148115e-14,1.398422748686136e-13,4.165741426936756e-13
4,8,8.6099999999999994,1.845,1.2265130438149148,1.1402512279123584,0.77353584492164307,1.2265130438149363,1.140251227912384,0.77353584492164473,3.3447207613912878e-14,7.7160105841650337e-14,8.862673791835372e-14,1.387663312783216e-13,4.1632196932777365e-13
4,8,8.6099999999999994,1.8654999999999999,1.2225049673316959,1.1330728859909223,0.76382454764774554,1.2225049673317192,1.1330728859909498,0.76382454764774721,3.6117075415115816e-14,7.826987678486436e-14,9.1334976720033663e-14,1.156202270360825e-13,4.6537921872802048e-13
4,8,8.6099999999999994,1.8859999999999997,1.2185179766126926,1.1258667981877817,0.75410524209845653,1.2185179766127172,1.1258667981878105,0.75410524209845808,3.7988451119895484e-14,7.9436307093331386e-14,9.1348724838069404e-14,1.1231155717237643e-13,5.1570365007334412e-13
4,8,8.6099999999999994,1.9064999999999999,1.2145958060133697,1.1186762981529441,0.74441785954956208,1.2145958060133952,1.1186762981529745,0.7444178595495633,3.9735593965001947e-14,8.2341156884076996e-14,9.5056849469272495e-14,1.0754296690832578e-13,5.4789667117996635e-13
4,8,8.6099999999999994,1.9269999999999998,1.2107810998601609,1.1115436852330189,0.73480160308321318,1.2107810998601867,1.1115436852330505,0.73480160308321429,4.0728694703612325e-14,8.230525531715983e-14,9.4298088457829641e-14,1.0700983553014278e-13,5.0799535338824155e-13
4,8,8.6099999999999994,1.9474999999999998,1.2071152566178798,1.1045100717966152,0.72529481850211852,1.2071152566179071,1.1045100717966481,0.72529481850211952,4.2741856195347655e-14,8.6886128562750713e-14,9.7256709274639008e-14,1.0684753165309194e-13,5.3860826648835954e-13
4,8,8.6099999999999994,1.968,1.2036382814028728,1.0976152385823437,0.71593487146162715,1.2036382814029007,1.0976152385823783,0.71593487146162837,4.4543193758369429e-14,8.6450807814465967e-14,9.5205136226808943e-14,9.669322338550635e-14,5.6046521481300338e-13
4,8,8.6099999999999994,1.9884999999999999,1.2003886475768333,1.0908974987811066,0.70675803139543314,1.200388647576863,1.0908974987811422,0.70675803139543414,4.6351645076750726e-14,8.9432517613820469e-14,1.0447558504646143e-13,9.9155285673512011e-14,5.7954781873342069e-13
4,8,8.6099999999999994,2.0089999999999999,1.1974031681562438,1.0843935715644126,0.69779936281064092,1.1974031681562749,1.0843935715644497,0.69779936281064137,4.8389933723129281e-14,9.1080470106606428e-14,1.0088262526041946e-13,1.0953530354517065e-13,5.7026588098178446e-13
4,8,8.6099999999999994,2.0295000000000001,1.1947168777723813,1.0781384657704176,0.68909262452793152,1.1947168777723816,1.0781384657704189,0.68909262452793152,1.3506446028928519e-15,1.1170886483024817e-14,7.59965298829665e-14,9.9280510652948581e-14,5.9211598586461628e-13
4,8,8.6099999999999994,2.0499999999999998,1.1923629259159401,1.0721653744585424,0.6806701774418864,1.1923629259159396,1.0721653744585435,0.68067017744188629,1.2008898127460164e-15,1.3312849799922083e-14,7.3402536118387315e-14,1.1461803996360311e-13,5.9686118479137772e-13
4,8,8.6099999999999994,2.0704999999999996,1.1903724821481287,1.0665055809933717,0.67256290133676366,1.1903724821481283,1.0665055809933721,0.67256290133676344,6.6613381477509392e-16,1.4738504669894348e-14,7.1610848157982519e-14,1.2500066065800966e-13,5.9735528947827392e-13
4,8,8.6099999999999994,2.0909999999999997,1.1887746536077368,1.0611883769799328,0.6648001210246034,1.1887746536077359,1.0611883769799335,0.66480012102460284,1.2412670766236366e-15,1.5670572839467647e-14,6.9368507927516736e-14,1.3803532835566302e-13,5.8985212089634534e-13
4,8,8.6099999999999994,2.1114999999999999,1.1875964146209206,1.0562409918701443,0.65740954167432641,1.1875964146209195,1.0562409918701448,0.65740954167432564,1.4261072965499199e-15,1.7746147564760854e-14,6.6722925929296778e-14,1.4325646116162065e-13,5.8680302072243258e-13
4,8,8.6099999999999994,2.1319999999999997,1.1868625480334341,1.0516885338804911,0.65041719305801282,1.1868625480334336,1.0516885338804911,0.65041719305801182,1.0934428697813141e-15,1.9242623752600913e-14,6.5241450976658217e-14,1.5790915606245659e-13,5.7735149884879402e-13
4,8,8.6099999999999994,2.1524999999999999,1.1865955978726468,1.0475539418491002,0.64384738243112272,1.1865955978726461,1.0475539418491004,0.6438473824311215,1.4087150935148696e-15,1.9546630447049709e-14,6.1732393647983194e-14,1.7023451891266176e-13,5.5430872908512199e-13
4,8,8.6099999999999994,2.173,1.1868158329466503,1.0438579476603471,0.63772265576338405,1.1868158329466494,1.043857947660346,0.63772265576338216,2.3629761096480587e-15,2.117339775387056e-14,5.8956919556826269e-14,1.8086061254250037e-13,5.3710933062024165e-13
4,8,8.6099999999999994,2.1934999999999998,1.1875412209877583,1.040619048865113,0.63206376703707645,1.1875412209877567,1.0406190488651119,0.63206376703707479,2.5341311739065124e-15,2.2173370914211983e-14,5.5600341511014268e-14,1.9300440978855444e-13,5.2490367749210174e-13
4,8,8.6099999999999994,2.2139999999999995,1.1887874129477072,1.0378534911248405,0.62688965532944652,1.1887874129477056,1.0378534911248394,0.6268896553294443,2.9289695021079519e-15,2.3945876551495728e-14,5.3369288040160473e-14,2.045422546351629e-13,4.9436365089346039e-13
4,8,8.6099999999999994,2.2344999999999997,1.1905677370518588,1.0355752601075041,0.62221742939597025,1.190567737051857,1.0355752601075021,0.6222174293959678,3.6214379118382411e-15,2.4451709083856742e-14,4.8516619148147025e-14,2.114681987527888e-13,4.7606363295926712e-13
4,8,8.6099999999999994,2.2549999999999999,1.1928932022197059,1.0337960824636248,0.6180623594712058,1.1928932022197043,1.0337960824636232,0.61806235947120314,3.454203409104305e-15,2.6085534755421734e-14,4.5658115923236213e-14,2.2122611100335735e-13,4.4916895955985674e-13
4,8,8.6099999999999994,2.2754999999999996,1.1957725104589925,1.0325254355104765,0.61443787600395594,1.1957725104589902,1.0325254355104745,0.61443787600395261,4.4740748172089364e-15,2.6790904022346328e-14,4.3473702596970224e-14,2.309494731345203e-13,4.1504835091218321e-13
4,8,8.6099999999999994,2.2959999999999998,1.1992120778407418,1.0317705652525897,0.61135557504347071,1.1992120778407398,1.031770565252587,0.61135557504346716,4.8698183706588758e-15,2.7248558390879763e-14,4.0818780474677702e-14,2.3822049644303739e-13,3.8705833182135841e-13
4,8,8.6099999999999994,2.3165,1.2032160636625104,1.0315365123667037,0.60882522999342292,1.2032160636625078,1.0315365123667009,0.60882522999341893,5.6041524594814097e-15,2.7807082126052386e-14,3.7914400754053714e-14,2.4439868404256371e-13,3.6627427016582282e-13
4,8,8.6099999999999994,2.3369999999999997,1.2077864074071558,1.0318261457792846,0.60685480945037928,1.2077864074071532,1.0318261457792817,0.60685480945037507,5.7646132248777216e-15,2.8351249111677403e-14,3.5810501379482352e-14,2.5191836605591936e-13,3.2024221008847728e-13
4,8,8.6099999999999994,2.3574999999999999,1.2129228731044357,1.0326402034647471,0.60545050084350216,1.212922873104433,1.0326402034647437,0.6054505008434975,6.3195002434380619e-15,2.9685244210575402e-14,3.355813233792326e-14,2.5749160895067413e-13,2.8244632343719836e-13
4,8,8.6099999999999994,2.3780000000000001,1.2186231007027366,1.0339773400925045,0.60461673959220519,1.2186231007027333,1.0339773400925005,0.60461673959219997,7.368569535002364e-15,3.0063933984213459e-14,3.2870852150802306e-14,2.6383043385261075e-13,2.5562262517482064e-13
4,8,8.6099999999999994,2.3984999999999999,1.2248826640582291,1.0358341811509801,0.60435624349849426,1.224882664058226,1.0358341811509759,0.60435624349848849,7.7968964023253655e-15,3.0117683408415539e-14,3.3761004138372566e-14,2.720374048886469e-13,2.117965687032904e-13
4,8,8.6099999999999994,2.4189999999999996,1.2316951351487733,1.0382053831767124,0.604670052090725,1.2316951351487695,1.0382053831767075,0.60467005209071856,8.9205573712728038e-15,3.0123571209765457e-14,3.3860164177475398e-14,2.7013164124677645e-13,1.8468132038226192e-13
4,8,8.6099999999999994,2.4394999999999998,1.2390521541198551,1.0410836997166788,0.60555757063549809,1.2390521541198514,1.0410836997166735,0.60555757063549132,9.4081166423533639e-15,3.046192521787753e-14,3.5937629488692282e-14,2.7536093805471339e-13,1.4043333874306805e-13
4,8,8.6099999999999994,2.4599999999999995,1.2469435047698716,1.0444600526519723,0.60701661853443156,1.2469435047698676,1.0444600526519672,0.60701661853442446,9.619939965703525e-15,3.0642608012871692e-14,3.7639016700277712e-14,2.7907581895624203e-13,1.0235268839329545e-13
4,8,8.6099999999999994,2.4804999999999997,1.2553571950820683,1.048323608510962,0.60904348182252821,1.2553571950820646,1.0483236085109562,0.60904348182252066,1.0226112347728259e-14,3.1225133589687621e-14,4.1632031134496855e-14,2.7981866941883036e-13,6.0526606082336872e-14
4,8,8.6099999999999994,2.5009999999999994,1.2642795424104269,1.0526618594000612,0.61163296948487567,1.2642795424104227,1.052661859400055,0.61163296948486756,1.1051599650782323e-14,3.0344055169608946e-14,4.5359098849399019e-14,2.7937043424214088e-13,2.8930631179417662e-14
4,8,8.6099999999999994,2.5215000000000001,1.2736952629268112,1.0574607081802436,0.61477847330840163,1.2736952629268072,1.0574607081802376,0.61477847330839308,1.1180226993339541e-14,3.0459907509722715e-14,4.9479589927094282e-14,2.7677492599141995e-13,3.6792462724847006e-14
4,8,8.6099999999999994,2.5419999999999998,1.283587564936675,1.0627045575174294,0.6184720309854167,1.2835875649366713,1.0627045575174223,0.61847203098540748,1.2233126293419632e-14,3.0577034150722136e-14,5.3231923461025256e-14,2.7972438699957502e-13,7.8908042206795671e-14
4,8,8.6099999999999994,2.5625,1.2939382456706361,1.068376402434873,0.62270439218567319,1.2939382456706314,1.0683764024348656,0.62270439218566354,1.2989609388114332e-14,3.0447347768351705e-14,5.7036080350175925e-14,2.7906970175476196e-13,1.169734687912539e-13
4,8,8.6099999999999994,2.5829999999999997,1.3047277911592146,1.0744579259956866,0.62746508731366624,1.3047277911592106,1.074457925995679,0.62746508731365613,1.3230300045636005e-14,3.0123994571844408e-14,6.3451261322059082e-14,2.7713061481661483e-13,1.5207316100304872e-13
4,8,8.6099999999999994,2.6034999999999999,1.3159354787980555,1.0809295977436282,0.63274249866790955,1.3159354787980508,1.0809295977436204,0.63274249866789867,1.4160458373437844e-14,3.0081154292729322e-14,6.7366847453574612e-14,2.7342672186280298e-13,1.9528213917354079e-13
4,8,8.6099999999999994,2.6239999999999997,1.3275394822109132,1.087770774530278,0.63852393371890981,1.3275394822109086,1.08777077453027,0.6385239337188986,1.4538835742393507e-14,2.9715892335073516e-14,7.2760954285269006e-14,2.6760308755576664e-13,2.3958273319794247e-13
4,8,8.6099999999999994,2.6444999999999994,1.3395169780177316,1.094959803356746,0.64479570022257615,1.339516978017727,1.0949598033567371,0.64479570022256438,1.5463617361248928e-14,2.9346766947982831e-14,7.7464056288975572e-14,2.6035305153930354e-13,2.839310679516352e-13
4,8,8.6099999999999994,2.665,1.3518442541150999,1.1024741258580266,0.6515431828857835,1.3518442541150959,1.102474125858018,0.65154318288577107,1.5671064435979332e-14,2.9264908228486897e-14,8.1485378388693415e-14,2.546514754352865e-13,2.9825112004778464e-13
4,8,8.6099999999999994,2.6854999999999998,1.3644968190764015,1.1102903840581444,0.65875092130082724,1.3644968190763969,1.1102903840581353,0.65875092130081436,1.6446296935105313e-14,2.87974496805099e-14,8.7486983241585391e-14,2.5201974623531375e-13,3.5790642453974562e-13
4,8,8.6099999999999994,2.706,1.3774495122789538,1.1183845270242092,0.6664026888654937,1.3774495122789494,1.1183845270242001,0.66640268886548015,1.6913328642102637e-14,2.9192110557762726e-14,9.0965010887699906e-14,2.4404106235589089e-13,3.8682005635144796e-13
4,8,8.6099999999999994,2.7264999999999997,1.3906766143654479,1.1267319180475197,0.67448157240547457,1.3906766143654437,1.1267319180475104,0.67448157240546069,1.7244233337941968e-14,2.8899139452310356e-14,9.7345922368748119e-14,2.3360147759354992e-13,4.3209012926257206e-13
4,8,8.6099999999999994,2.7469999999999999,1.4041519576469867,1.135307441979841,0.68297005221585916,1.4041519576469828,1.1353074419798312,0.68297005221584484,1.7791648719879085e-14,2.9257325909292761e-14,1.0080447544017754e-13,2.2849371655576993e-13,4.6105085330280488e-13
4,8,8.6099999999999994,2.7674999999999996,1.4178490360550282,1.1440856123529859,0.69185008223842448,1.4178490360550247,1.1440856123529761,0.69185008223840982,1.796778576958494e-14,2.9116696851937329e-14,1.0508489656163397e-13,2.1776044706096847e-13,4.9603621704272982e-13
4,8,8.6099999999999994,2.7880000000000003,1.4317411142495389,1.153040677909837,0.70110317009146217,1.4317411142495358,1.1530406779098272,0.70110317009144685,1.8435051904741877e-14,2.9628865714549594e-14,1.0867838733306721e-13,2.0498409426433771e-13,5.3902876247133137e-13
4,8,8.6099999999999994,2.8085,1.4458013354906569,1.1621467281749269,0.71071045666886101,1.445801335490654,1.1621467281749172,0.71071045666884514,1.8863666080931797e-14,2.9905882478712931e-14,1.1289643074623976e-13,1.9544062899319068e-13,5.6426040799035347e-13
4,8,8.6099999999999994,2.8289999999999997,1.4600028278811765,1.1713777976927231,0.72065279502518342,1.4600028278811739,1.1713777976927131,0.72065279502516699,1.9414623387434399e-14,3.0880619430051491e-14,1.1702143372221329e-13,1.828510020787648e-13,5.8318425051010879e-13
4,8,8.6099999999999994,2.8494999999999999,1.4743188085871501,1.180707968561733,0.73091082826345721,1.4743188085871479,1.180707968561723,0.73091082826344,2.0022526744236027e-14,3.1466206081341195e-14,1.21540790927252e-13,1.710366222875589e-13,6.0939576746077196e-13
4,8,8.6099999999999994,2.8699999999999997,1.4887226856439131,1.1901114708925677,0.74146506614241336,1.4887226856439109,1.1901114708925571,0.74146506614239571,2.0739786269954682e-14,3.2766441552384001e-14,1.2339636350417288e-13,1.6275066767860652e-13,6.3280439570727927e-13
4,8,8.6099999999999994,2.8904999999999998,1.5031881569548429,1.1995627808180935,0.75229596011990285,1.5031881569548411,1.1995627808180829,0.75229596011988464,2.11723926232214e-14,3.4016561319143509e-14,1.2738831375586157e-13,1.4896131703401804e-13,6.7208027545057741e-13
4,8,8.6099999999999994,2.9109999999999996,1.5176893060901455,1.2090367156838007,0.76338397654921397,1.5176893060901446,1.2090367156837907,0.76338397654919543,2.1080501289674194e-14,3.5465891627184141e-14,1.2875575297691515e-13,1.3775429681254138e-13,6.8490795777884968e-13
4,8,8.6099999999999994,2.9315000000000002,1.5322006944929816,1.2185085260465183,0.77470966774502592,1.5322006944929814,1.2185085260465081,0.77470966774500682,2.1657033775668999e-14,3.6694046672888144e-14,1.3184438471431266e-13,1.2302874218531968e-13,7.0052296361532484e-13
4,8,8.6099999999999994,2.952,1.5466974497002293,1.2279539841096043,0.78625374063572062,1.5466974497002293,1.2279539841095941,0.78625374063570097,2.2146931926856327e-14,3.8639788795792771e-14,1.3606843706079888e-13,1.1121221022220372e-13,7.2297996145145517e-13
4,8,8.6099999999999994,2.9724999999999997,1.5611553491851953,1.237349468222753,0.79799712271878998,1.5611553491851964,1.2373494682227431,0.79799712271876988,2.2469608481081543e-14,4.0860468469923425e-14,1.3913842095652437e-13,9.8036150672903291e-14,7.3356497428366472e-13
4,8,8.6099999999999994,2.9929999999999999,1.5755508994295746,1.2466720430745275,0.80992102503605923,1.5755508994295762,1.246672043074518,0.80992102503603902,2.2402308968949884e-14,4.2868160820165192e-14,1.3968401483340278e-13,8.2927045897367955e-14,7.1645450508869094e-13
4,8,8.6099999999999994,3.0134999999999996,1.5898614098319566,1.2558995352057718,0.82200700188545861,1.5898614098319588,1.2558995352057623,0.8220070018854374,2.3361424634316617e-14,4.5209836993334853e-14,1.4096738528630588e-13,7.731234751874765e-14,7.3863450719302511e-13
4,8,8.6099999999999994,3.0339999999999998,1.6040650610601945,1.2650106034720134,0.83423700698607228,1.6040650610601972,1.2650106034720037,0.83423700698605074,2.3800240203730357e-14,4.7435115122394837e-14,1.4276687854474672e-13,7.2288393614814037e-14,7.430690108671571e-13
4,8,8.6099999999999994,3.0544999999999995,1.6181409674550158,1.2739848040830775,0.84659344581325147,1.6181409674550169,1.2739848040830781,0.84659344581325269,1.7798229048217483e-15,4.5045956744096517e-14,1.507736619917127e-13,1.8674202095786143e-14,7.5439607957619393e-13
4,8,8.6099999999999994,3.0750000000000002,1.6320692331046402,1.282802649859262,0.85905922382889788,1.6320692331046405,1.2828026498592615,0.85905922382889854,8.3081483621104487e-16,4.2696556327267636e-14,1.511152945259252e-13,1.8051284100109171e-14,7.5092859146879602e-13
4,8,8.6099999999999994,3.0954999999999999,1.6458310013444772,1.2914456634645053,0.87161779042235621,1.6458310013444777,1.2914456634645048,0.87161779042235654,7.1088959579333461e-16,3.9133314344725932e-14,1.501439549708176e-13,2.9382131528383791e-14,7.3966494145948602e-13
4,8,8.6099999999999994,3.1159999999999997,1.6594084977283703,1.2998964246405327,0.88425317857402574,1.6594084977283696,1.2998964246405313,0.88425317857402552,1.5059797815742444e-15,3.636709181314708e-14,1.5058595643953203e-13,4.143200011546025e-14,7.3343803488662558e-13
4,8,8.6099999999999994,3.1364999999999998,1.6727850666723914,1.3081386116052702,0.89695004035772363,1.6727850666723905,1.3081386116052687,0.89695004035772308,1.8742721836921976e-15,3.3008043340418183e-14,1.4915114983799188e-13,5.5379989960991909e-14,7.1921957923305972e-13
4,8,8.6099999999999994,3.1569999999999996,1.6859452019892618,1.3161570367941999,0.90969367840932325,1.6859452019892607,1.3161570367941979,0.90969367840932225,2.494915946531976e-15,3.0679140593273142e-14,1.4792438703042725e-13,6.930708953277358e-14,6.9872833138198492e-13
4,8,8.6099999999999994,3.1774999999999998,1.6988745715315952,1.3239376771234364,0.92247007348927201,1.6988745715315943,1.3239376771234348,0.92247007348927135,1.9100999153570945e-15,2.6665236667622161e-14,1.4636546410972138e-13,8.3172823044004937e-14,6.8361991531122513e-13
4,8,8.6099999999999994,3.1979999999999995,1.7115600361621881,1.3314676989533387,0.93526590826660783,1.7115600361621861,1.3314676989533367,0.93526590826660649,3.1244445429724018e-15,2.3692794047444348e-14,1.4508193686485949e-13,9.746038296839631e-14,6.6041545463610553e-13
4,8,8.6099999999999994,3.2185000000000001,1.723989663269561,1.3387354779314495,0.94806858745208644,1.7239896632695586,1.3387354779314471,0.94806858745208433,4.0473682480075958e-15,2.1564921274593853e-14,1.4179505502528096e-13,1.1010949940833844e-13,6.4327360597043608e-13
4,8,8.6099999999999994,3.2389999999999999,1.7361527350469841,1.3457306138935667,0.9608662544080403,1.7361527350469816,1.3457306138935636,0.96086625440803775,4.7063505080272888e-15,1.8615033670933112e-14,1.4048508109049008e-13,1.2198193719519246e-13,6.1327867711877803e-13
4,8,8.6099999999999994,3.2595000000000001,1.7480397517531854,1.352443941001749,0.97364780436258314,1.7480397517531823,1.3524439410017455,0.9736478043625808,5.2650797949824194e-15,1.56166987301969e-14,1.3717073994227566e-13,1.3391834846900501e-13,5.8490848048363919e-13
4,8,8.6099999999999994,3.2799999999999998,1.7596424301729632,1.3588675332980509,0.98640289435577144,1.7596424301729605,1.3588675332980478,0.986402894355769,4.7674998512512197e-15,1.2725984388311377e-14,1.3534986527996375e-13,1.4565876450003732e-13,5.5274819018928434e-13
4,8,8.6099999999999994,3.3004999999999995,1.7709536974959228,1.3649947058527947,0.99912195004534343,1.7709536974959201,1.3649947058527916,0.99912195004534099,4.7674998512512197e-15,9.9920072216264089e-15,1.3195388309249408e-13,1.5535182222041054e-13,5.2188777462404484e-13
4,8,8.6099999999999994,3.3209999999999997,1.7819676808315412,1.3708200116861704,1.0117961694996491,1.7819676808315379,1.3708200116861671,1.0117961694996469,5.2074075716206701e-15,7.4676426485016868e-15,1.2844570293143503e-13,1.6760971405569468e-13,4.9094659687304887e-13
4,8,8.6099999999999994,3.3414999999999995,1.7926796925787851,1.3763392346419743,1.0244175241053846,1.7926796925787818,1.3763392346419709,1.0244175241053819,5.4116966938595207e-15,5.1827917303667198e-15,1.2483967952828242e-13,1.7691968231450944e-13,4.5804007814507779e-13
4,8,8.6099999999999994,3.3620000000000001,1.8030862118684983,1.381549378392283,1.0369787567177551,1.8030862118684949,1.3815493783922792,1.0369787567177524,5.6957795539516896e-15,2.8963046224064629e-15,1.2106783555096406e-13,1.8380174931570841e-13,4.3043769045663064e-13
4,8,8.6099999999999994,3.3824999999999998,1.8131848622967575,1.3864486517518568,1.0494733771806672,1.8131848622967544,1.3864486517518535,1.0494733771806641,5.515473566030869e-15,2.0681163459764958e-15,1.1779147464076154e-13,1.934265471567028e-13,3.8540496419581829e-13
4,8,8.6099999999999994,3.403,1.8229743861674399,1.3910364504810888,1.0618956553445844,1.8229743861674359,1.3910364504810853,1.0618956553445815,6.0768866309697284e-15,3.3251133250970925e-15,1.1356188251363664e-13,2.0065635742616967e-13,3.4903264832001152e-13
4,8,8.6099999999999994,3.4234999999999998,1.8324546154621828,1.3953133357562788,1.0742406117096408,1.8324546154621792,1.3953133357562753,1.0742406117096379,5.7944708367951353e-15,5.5936954018334597e-15,1.0953865476272508e-13,2.0797966966418058e-13,3.120503363540428e-13
4,8,8.6099999999999994,3.444,1.8416264397559883,1.3992810094860555,1.0865040058216497,1.8416264397559854,1.3992810094860522,1.0865040058216466,5.3934447137265445e-15,7.5546169724211421e-15,1.0526656538201408e-13,2.1290148345315374e-13,2.705039204625053e-13
4,8,8.6099999999999994,3.4644999999999997,1.8504917712966535,1.4029422866527272,1.0986823225486055,1.8504917712966502,1.4029422866527239,1.0986823225486029,5.4116966938595207e-15,9.4450555860734232e-15,1.0090125616009776e-13,2.1904122085680233e-13,2.3460691183143014e-13
4,8,8.6099999999999994,3.4849999999999994,1.8590535074662633,1.4063010648573775,1.1107727563653045,1.8590535074662604,1.4063010648573748,1.1107727563653014,5.009554625647218e-15,1.1567949878691294e-14,9.6021536053123173e-14,2.2377042879676538e-13,1.925017876228253e-13
4,8,8.6099999999999994,3.5055000000000001,1.8673154908429579,1.4093622912474955,1.1227731937736956,1.867315490842955,1.4093622912474921,1.1227731937736927,5.2685902386183305e-15,1.3232658063584739e-14,9.15132265267852e-14,2.2879916798578429e-13,1.5767418508832223e-13
4,8,8.6099999999999994,3.5259999999999998,1.875282467081177,1.412131927005944,1.1346821939865774,1.8752824670811745,1.4121319270059414,1.1346821939865752,4.242156220644677e-15,1.5564123093225362e-14,8.7442032512610883e-14,2.296995630990933e-13,1.1838455491387589e-13
4,8,8.6099999999999994,3.5465,1.8829600408286198,1.4146169095800774,1.1464989680022615,1.8829600408286178,1.4146169095800754,1.1464989680022595,3.4613328354904152e-15,1.6905310255052986e-14,8.2108334715263603e-14,2.3076029727751893e-13,8.1223418731073622e-14
4,8,8.6099999999999994,3.5669999999999997,1.8903546298981093,1.4168251128297871,1.158223356197809,1.8903546298981071,1.4168251128297846,1.1582233561978068,3.9782561394405651e-15,1.8643820127752862e-14,7.797390905430582e-14,2.3271759036755393e-13,5.2079756214638176e-14
4,8,8.6099999999999994,3.5874999999999999,1.8974734179125925,1.4187653052732929,1.1698558045684615,1.8974734179125907,1.4187653052732909,1.1698558045684593,3.4755478145461824e-15,2.0391963037542871e-14,7.4264979111864588e-14,2.3298037446271277e-13,4.6323847826227233e-14
4,8,8.6099999999999994,3.6079999999999997,1.9043243056414949,1.4204471066094828,1.1813973397408855,1.9043243056414927,1.420447106609481,1.1813973397408832,3.6077977959063471e-15,2.1512057317076557e-14,6.8202452776935174e-14,2.3443955729869286e-13,6.6224407906573356e-14
4,8,8.6099999999999994,3.6284999999999994,1.9109158612466255,1.4218809426955841,1.1928495428878347,1.9109158612466244,1.4218809426955825,1.1928495428878327,2.7644330375917142e-15,2.295894927204164e-14,6.4225130531118124e-14,2.3163810359136101e-13,9.9769955985281618e-14
4,8,8.6099999999999994,3.649,1.9172572696558725,1.4230779991589837,1.2042145226718606,1.9172572696558718,1.4230779991589828,1.204214522671859,1.9100999153570945e-15,2.4426586997312369e-14,5.9434746479416896e-14,2.2968542964865189e-13,1.335010757126399e-13
4,8,8.6099999999999994,3.6694999999999998,1.9233582812828796,1.4240501738219915,1.2154948873456679,1.9233582812828796,1.4240501738219908,1.2154948873456666,1.4895204919483639e-15,2.539287821206835e-14,5.5418655041852651e-14,2.2583063436575084e-13,1.6645349844213243e-13
4,8,8.6099999999999994,3.6899999999999999,1.9292291603109406,1.4248100281183445,1.2266937161367544,1.9292291603109415,1.4248100281183445,1.2266937161367539,9.9301366129890925e-16,2.6793350779914347e-14,5.018085257521373e-14,2.224223769567639e-13,2.0185356813762685e-13
4,8,8.6099999999999994,3.7104999999999997,1.9348806327593113,1.4253707376802589,1.2378145300439285,1.9348806327593122,1.4253707376802589,1.2378145300439278,1.1102230246251565e-15,2.7553681272706593e-14,4.6205156146393267e-14,2.1774341588849713e-13,2.3544184288148081e-13
4,8,8.6099999999999994,3.7309999999999999,1.9403238345501619,1.425746042274824,1.2488612621733313,1.9403238345501623,1.4257460422748238,1.2488612621733304,1.0175362097255202e-15,2.833695515187675e-14,4.1773395355216867e-14,2.1252154076626885e-13,2.6291956532970198e-13
4,8,8.6099999999999994,3.7514999999999996,1.9455702597943809,1.4259501952685436,1.2598382277415763,1.9455702597943827,1.4259501952685443,1.2598382277415758,1.9484335006297032e-15,2.9220308387375564e-14,3.8701953047574236e-14,2.0734662647775508e-13,2.988335986152617e-13
4,8,8.6099999999999994,3.7719999999999994,1.9506317095144583,1.4259979127988265,1.2707500938736291,1.9506317095144599,1.4259979127988271,1.2707500938736287,1.7483809675615383e-15,2.9718562446677978e-14,3.3543861936891248e-14,1.9985371336439339e-13,3.2561196565964353e-13
4,8,8.6099999999999994,3.7925,1.9555202410226324,1.4259043228312143,1.2816018493230248,1.9555202410226351,1.425904322831216,1.2816018493230252,3.2330182483522121e-15,3.0710701737572226e-14,3.1616134835307278e-14,1.9624362606045565e-13,3.5967922590011599e-13
4,8,8.6099999999999994,3.8129999999999997,1.9602481181725608,1.4256849142811705,1.2923987742420615,1.9602481181725635,1.4256849142811721,1.2923987742420617,3.0927234722497852e-15,3.0996765259687162e-14,2.8049450198129383e-14,1.8729656565375912e-13,3.7447254832513932e-13
4,8,8.6099999999999994,3.8334999999999999,1.9648277627026824,1.4253554863792006,1.3031464101295651,1.9648277627026858,1.4253554863792026,1.3031464101295651,3.8841942294833621e-15,3.2016444658828792e-14,2.4325941142527369e-14,1.7922218562375663e-13,4.047819554654997e-13
4,8,8.6099999999999994,3.8539999999999996,1.9692717068895289,1.4249320984581391,1.3138505300838557,1.969271706889532,1.4249320984581411,1.3138505300838565,3.8007914079648964e-15,3.2165196287535165e-14,2.2812820728097587e-14,1.7028809071059147e-13,4.2142592296626436e-13
4,8,8.6099999999999994,3.8744999999999998,1.9735925477291625,1.4244310203413648,1.3245171094885233,1.9735925477291631,1.4244310203413646,1.3245171094885235,7.3643864125902954e-16,1.3934902708448176e-14,1.078514848697892e-14,1.523011131911507e-13,4.4074702962136434e-13
4,8,8.6099999999999994,3.8949999999999996,1.9778029028629063,1.4238686835094332,1.3351522972575751,1.9778029028629074,1.4238686835094334,1.335152297257576,1.4390135079995448e-15,1.3626917515253857e-14,1.2634224378567543e-14,1.4363334192440411e-13,4.581558614800053e-13
4,8,8.6099999999999994,3.9154999999999998,1.9819153684271926,1.4232616331989956,1.3457623877481932,1.9819153684271937,1.423261633198996,1.3457623877481939,1.3687748718835771e-15,1.3566107677491045e-14,1.4455694600438889e-14,1.3351178538695915e-13,4.7194286674131593e-13
4,8,8.6099999999999994,3.9359999999999999,1.9859424788942039,1.4226264815144685,1.3563537933921155,1.9859424788942046,1.4226264815144687,1.3563537933921155,7.0216669371534024e-16,1.359147950247038e-14,1.6667805600998026e-14,1.2382331877402607e-13,4.8233640582573853e-13
4,8,8.6099999999999994,3.9564999999999997,1.9898966688853967,1.421979861578009,1.3669330180539514,1.9898966688853981,1.4219798615780093,1.3669330180539521,1.5059797815742444e-15,1.2957917584156153e-14,1.9001333642291689e-14,1.1355231706602796e-13,4.9140550891144711e-13
4,8,8.6099999999999994,3.9769999999999999,1.9937902369258442,1.421338382734165,1.3775066311175663,1.993790236925846,1.4213383827341655,1.3775066311175668,1.8841109504205299e-15,1.2860601071191643e-14,2.0814546884974576e-14,1.0387938645434605e-13,4.998513027161184e-13
4,8,8.6099999999999994,3.9974999999999996,1.9976353111070153,1.4207185868253756,1.3880812423015081,1.9976353111070166,1.4207185868253758,1.3880812423015088,1.5059797815742444e-15,1.2450750287096743e-14,2.2783312641342785e-14,9.4184414322940643e-14,5.0447832523361241e-13
4,8,8.6099999999999994,4.0179999999999998,2.0014438166256387,1.4201369055544992,1.3986634772044857,2.0014438166256414,1.4201369055545003,1.3986634772044866,3.0201331455116262e-15,1.1995391446994999e-14,2.4444876281635375e-14,8.3435088492118326e-14,5.054323036327736e-13
4,8,8.6099999999999994,4.0385,2.005227445166287,1.4196096189505496,1.4092599535818686,2.0052274451662888,1.4196096189505507,1.4092599535818704,2.7465400791133423e-15,1.1601250103704238e-14,2.5558726929664896e-14,7.393226788366132e-14,5.0557128632114269e-13
4,8,8.6099999999999994,4.0590000000000002,2.0089976260952844,1.4191528149538026,1.4198772583542025,2.0089976260952871,1.4191528149538035,1.4198772583542041,3.2100616153665131e-15,1.1408522857492902e-14,2.6715390353801572e-14,6.4737808090465951e-14,5.0661862515063091e-13
4,8,8.6099999999999994,4.0794999999999995,2.0127654994336104,1.4187823501364656,1.4305219253487258,2.0127654994336122,1.4187823501364667,1.4305219253487269,2.3707876222259364e-15,1.0878407072494946e-14,2.8141286273202432e-14,5.3848563567822104e-14,5.0002380573128223e-13
4,8,8.6099999999999994,4.0999999999999996,2.0165418905764025,1.4185138115750746,1.4412004137748782,2.0165418905764052,1.4185138115750757,1.4412004137748797,3.2784493031975171e-15,1.0235981169985364e-14,2.8884828455682574e-14,4.5626384373773446e-14,4.96407482105738e-13
4,8,8.6099999999999994,4.1204999999999998,2.0203372867267082,1.4183624798908026,1.4519190874347825,2.0203372867267104,1.4183624798908032,1.4519190874347838,2.6737711109153341e-15,9.3647939445564659e-15,2.9716789960040108e-14,3.679330024770103e-14,4.899252187401144e-13
4,8,8.6099999999999994,4.1409999999999991,2.0241618150110972,1.4183432934738427,1.4626841946696871,2.0241618150111003,1.4183432934738438,1.4626841946696887,3.6485651666928704e-15,9.3622506194705238e-15,2.9779511201317347e-14,2.9036948811153227e-14,4.8007589245063341e-13
4,8,8.6099999999999994,4.1615000000000002,2.0280252222447994,1.4184708139080626,1.4735018490433698,2.0280252222448025,1.4184708139080633,1.4735018490433713,3.5388086795394242e-15,8.7227169730668021e-15,3.0131719934847227e-14,2.3402542797767331e-14,4.7301364339569942e-13
4,8,8.6099999999999994,4.1819999999999995,2.0319368563139664,1.4187591926120824,1.4843780107634621,2.0319368563139695,1.4187591926120837,1.4843780107634637,3.7221458391556908e-15,8.1273977572580622e-15,3.0428137660144759e-14,1.9995113591258341e-14,4.6023885393788964e-13
4,8,8.6099999999999994,4.2024999999999997,2.0359056491427112,1.4192221387129726,1.4953184688417169,2.0359056491427139,1.4192221387129738,1.4953184688417189,3.5108334685767009e-15,8.0069250969589162e-15,2.9459127800266276e-14,2.2087858475285999e-14,4.4966707918148036e-13
4,8,8.6099999999999994,4.2229999999999999,2.0399401012125526,1.4198728881687317,1.506328823994171,2.0399401012125566,1.4198728881687328,1.5063288239941734,4.8138123240179632e-15,7.4021087753497621e-15,3.0518716340260961e-14,2.7054383388439261e-14,4.3541491992220542e-13
4,8,8.6099999999999994,4.2435,2.0440482676018963,1.4207241741557342,1.5174144722822196,2.0440482676019003,1.4207241741557357,1.5174144722822214,4.6417414268622167e-15,6.9951347023522046e-15,2.9307706222721945e-14,3.270770543912924e-14,4.2080071389227093e-13
4,8,8.6099999999999994,4.2639999999999993,2.0482377455131795,1.4217881987373129,1.528580589495568,2.0482377455131835,1.4217881987373144,1.52858058949557,4.7311656265286475e-15,6.2945559432059585e-15,2.8762732192738639e-14,3.8977525522312422e-14,4.0450097937402304e-13
4,8,8.6099999999999994,4.2844999999999995,2.0525156632553285,1.4230766058296556,1.5398321162780659,2.0525156632553321,1.4230766058296567,1.5398321162780677,4.1242954875745829e-15,6.1002941533526009e-15,2.7937679303085241e-14,4.6585201536177681e-14,3.8934722117483954e-13
4,8,8.6099999999999994,4.3049999999999997,2.0568886706491383,1.4246004554811977,1.5511737439973898,2.0568886706491414,1.4246004554811986,1.5511737439973916,3.6888820278049627e-15,5.7471637473831853e-15,2.6855423502197406e-14,5.4245757155578664e-14,3.707722062664588e-13
4,8,8.6099999999999994,4.3254999999999999,2.0613629308232264,1.4263701994816749,1.5626099013595853,2.0613629308232304,1.426370199481676,1.5626099013595878,4.8138123240179632e-15,5.4225935318739318e-15,2.5882070540987151e-14,6.0133541916370405e-14,3.5217254347798426e-13
4,8,8.6099999999999994,4.3460000000000001,2.0659441133681855,1.428395658317027,1.5741447417694365,2.0659441133681904,1.4283956583170287,1.5741447417694392,5.8410815908364745e-15,5.6134922622273377e-15,2.4222731483740504e-14,6.6257831995201516e-14,3.3497870171438898e-13
4,8,8.6099999999999994,4.3664999999999994,2.070637388816567,1.430685999486313,1.5857821314376603,2.0706373888165719,1.4306859994863146,1.5857821314376626,5.5865292949027199e-15,5.0883623888599209e-15,2.3699101124346116e-14,7.4213239877554945e-14,3.1213975127771796e-13
4,8,8.6099999999999994,4.3869999999999996,2.0754474244163248,1.4332497171968248,1.5975256382359089,2.0754474244163292,1.4332497171968257,1.5975256382359113,5.1454974620030868e-15,5.1745356149926019e-15,2.2241136950885891e-14,7.8918312117978308e-14,2.8900382720340677e-13
4,8,8.6099999999999994,4.4074999999999998,2.0803783811653633,1.4360946134535713,1.6093785213005687,2.0803783811653669,1.4360946134535721,1.6093785213005707,4.1718393690839263e-15,4.8480180145420329e-15,2.0430894104630441e-14,8.4981335913010737e-14,2.6833656426065432e-13
4,8,8.6099999999999994,4.427999999999999,2.0854339120748073,1.4392277805593094,1.621343721386342,2.0854339120748113,1.4392277805593103,1.6213437213863442,4.6576469266763689e-15,4.8401458494064346e-15,1.8845524871880073e-14,8.9467737644093614e-14,2.4783122412249704e-13
4,8,8.6099999999999994,4.4485000000000001,2.0906171616286429,1.4426555850412981,1.6334238519706041,2.0906171616286473,1.442655585041299,1.6334238519706066,5.1454974620030868e-15,4.8480180145420329e-15,1.733983909792456e-14,9.4346243768166784e-14,2.2233629097338644e-13
4,8,8.6099999999999994,4.4689999999999994,2.0959307664073403,1.4463836530209486,1.645621191109506,2.0959307664073461,1.4463836530209497,1.6456211911095087,6.4545887984429101e-15,5.0505996601809636e-15,1.5105766442355703e-14,9.8050301981299735e-14,2.030562401588432e-13
4,8,8.6099999999999994,4.4894999999999996,2.1013768568431193,1.4504168570425553,1.6579376740468406,2.1013768568431237,1.4504168570425562,1.6579376740468419,4.7207330545682824e-15,4.7034850999218976e-15,1.2593692917181465e-14,1.0152471311373122e-13,1.7924102890035315e-13
4,8,8.6099999999999994,4.5099999999999998,2.1069570600744543,1.4547593043772677,1.6703748865766179,2.1069570600744587,1.4547593043772682,1.6703748865766197,4.8035592509840658e-15,4.6791817639168341e-15,1.1610857617729859e-14,1.0521340465708228e-13,1.5470438978492687e-13
4,8,8.6099999999999994,4.5305,2.1126725038674889,1.4594143268184991,1.6829340591603827,2.1126725038674938,1.4594143268185,1.6829340591603847,5.3521501866855338e-15,4.7788782450010007e-15,9.5543706164270168e-15,1.0718275980628916e-13,1.3391775020248243e-13
4,8,8.6099999999999994,4.5509999999999993,2.1185238215719706,1.4643844719849333,1.6956160618002218,2.1185238215719759,1.4643844719849339,1.6956160618002234,5.5909402938488437e-15,4.8862427625507602e-15,7.7030598605095231e-15,1.0907828062064394e-13,1.10121588553335e-13
4,8,8.6099999999999994,4.5715000000000003,2.1245111580793323,1.4696714961473076,1.7084213996684725,2.1245111580793372,1.4696714961473083,1.7084213996684745,5.3198106145617434e-15,4.620782372656675e-15,6.2776706582959074e-15,1.1114424728079844e-13,9.1704153014509632e-14
4,8,8.6099999999999994,4.5919999999999996,2.130634176750577,1.4752763585951547,1.721350209495107,2.1306341767505823,1.4752763585951549,1.721350209495109,5.6957795539516896e-15,4.6883102786934489e-15,4.7961763161669884e-15,1.1313463000380266e-13,7.4081747533536082e-14
4,8,8.6099999999999994,4.6124999999999998,2.1368920672815745,1.4811992175596718,1.7344022567137924,2.1368920672815803,1.4811992175596722,1.734402256713794,5.9952043329758453e-15,4.704058321176682e-15,4.3398218986672322e-15,1.1434920308228022e-13,6.2403620557011955e-14
4,8,8.6099999999999994,4.633,2.143283554473419,1.4874394277088998,1.747576933367595,2.1432835544734243,1.4874394277089003,1.747576933367597,5.7087490877549568e-15,4.6777821300430423e-15,5.2516013561222652e-15,1.1274426875427384e-13,5.6789616971501065e-14
4,8,8.6099999999999994,4.6534999999999993,2.149806907875468,1.4939955392313795,1.760873256775336,2.1498069078754751,1.4939955392313806,1.7608732567753387,7.6693833680121693e-15,4.5237331063051247e-15,7.2857196456646087e-15,1.1485902431741824e-13,6.1338993205395997e-14
4,8,8.6099999999999994,4.6739999999999995,2.1564599522687082,1.5008652985244759,1.7742898689595747,2.1564599522687145,1.5008652985244759,1.7742898689595765,6.4660364967044242e-15,4.3716573543844236e-15,8.5906084755975145e-15,1.1188076635587014e-13,7.37950136795634e-14
4,8,8.6099999999999994,4.6944999999999997,2.1632400789570609,1.5080456505035194,1.7878250368371966,2.1632400789570663,1.5080456505035196,1.7878250368371991,5.8663495455237441e-15,4.2675043707213352e-15,1.1100703584627503e-14,1.1176637852117925e-13,9.2191037486575571e-14
4,8,8.6099999999999994,4.7149999999999999,2.1701442578342869,1.5155327425479799,1.8014766531736268,2.1701442578342927,1.5155327425479801,1.801476653173629,6.1894311297400655e-15,4.1707312617460162e-15,1.3016151710388764e-14,1.1170781659571284e-13,1.1074306327268747e-13
4,8,8.6099999999999994,4.7355,2.1771690501940979,1.5233219301008092,1.8152422383016131,2.1771690501941037,1.523321930100809,1.8152422383016156,6.2725144597599747e-15,3.9859944391854008e-15,1.5120243089790736e-14,1.0747338790434242e-13,1.2655373770951844e-13
4,8,8.6099999999999994,4.7560000000000002,2.1843106222511213,1.5314077839371532,1.8291189426056007,2.1843106222511266,1.5314077839371529,1.8291189426056023,5.55555424028711e-15,4.0412728104402654e-15,1.7545827132124917e-14,1.0488765555509957e-13,1.4984178016961903e-13
4,8,8.6099999999999994,4.7764999999999995,2.191564759340344,1.5397840991186034,1.843103549772662,2.1915647593403489,1.5397840991186034,1.8431035497726636,5.126297777653475e-15,3.9369892294021423e-15,1.9554211766543852e-14,1.0309405708284505e-13,1.7023408447783208e-13
4,8,8.6099999999999994,4.7969999999999997,2.1989268807626772,1.548443905649159,1.8571924808109901,2.1989268807626821,1.5484439056491588,1.8571924808109914,5.0682623478130248e-15,4.026376522367723e-15,2.0833328401076661e-14,9.8728232803610814e-14,1.8795010146207286e-13
4,8,8.6099999999999994,4.8174999999999999,2.2063920552442591,1.5573794808490804,1.8713817988369195,2.2063920552442648,1.5573794808490797,1.8713817988369208,5.9622180890606343e-15,4.0644626571019145e-15,2.2608138812046709e-14,9.5799188471640044e-14,2.0685704473200159e-13
4,8,8.6099999999999994,4.8379999999999992,2.2139550169771454,1.5665823634628109,1.8856672146314808,2.2139550169771511,1.5665823634628102,1.8856672146314819,5.9165617269815079e-15,4.3231035356944364e-15,2.4586427190968586e-14,8.9840163644508524e-14,2.2087679901139715e-13
4,8,8.6099999999999994,4.8585000000000003,2.2216101822090089,1.5760433695171376,1.9000440929674691,2.2216101822090142,1.5760433695171374,1.9000440929674709,5.6217203786222585e-15,4.0187159817102779e-15,2.6267056165488078e-14,8.795608344987261e-14,2.3994269872913441e-13
4,8,8.6099999999999994,4.8789999999999996,2.2293516663494763,1.5857526099457722,1.9145074597080056,2.229351666349483,1.5857526099457717,1.9145074597080076,6.9688054555761948e-15,4.5694815991607466e-15,2.8267115440514556e-14,8.3966410300496263e-14,2.5256312272555313e-13
4,8,8.6099999999999994,4.8994999999999997,2.2371733015607611,1.595699509996527,1.9290520096776003,2.2371733015607678,1.5956995099965263,1.9290520096776025,7.053193662129238e-15,5.3388915681938225e-15,2.9858975588649036e-14,7.7716008230972549e-14,2.6752836687395587e-13
4,8,8.6099999999999994,4.919999999999999,2.2450686548001797,1.6058728304372551,1.9436721153066745,2.2450686548001859,1.6058728304372547,1.9436721153066765,6.5456098199339845e-15,5.1732700013825905e-15,3.1189475196772774e-14,7.2919935077057157e-14,2.8180775966025277e-13
4,8,8.6099999999999994,4.9404999999999992,2.2530310462822358,1.6162606905767463,1.9583618360505595,2.2530310462822416,1.616260690576746,1.9583618360505617,6.1894311297400655e-15,5.5923180175073815e-15,3.2386796515617951e-14,6.5516047062371666e-14,2.9542648754044458e-13
4,8,8.6099999999999994,4.9609999999999994,2.2610535683278576,1.6268505931167359,1.9731149285839353,2.2610535683278643,1.6268505931167352,1.9731149285839362,6.7532230144642601e-15,6.486021350661688e-15,3.4460858150901066e-14,6.4009436462523636e-14,3.0505777265871979e-13
4,8,8.6099999999999994,4.9815000000000005,2.2691291045684601,1.6376294508512153,1.9879248577717072,2.2691291045684663,1.637629450851215,1.9879248577717088,6.4124390589420215e-15,7.0324106452875178e-15,3.4934568231642442e-14,5.6396051338086627e-14,3.1300587651278484e-13
4,8,8.6099999999999994,5.0019999999999989,2.2772503494724305,1.6485836152292177,2.0027848084173114,2.2772503494724368,1.6485836152292173,2.0027848084173123,6.2960511820787992e-15,7.3459523751365855e-15,3.5854252509282212e-14,5.0045942854758771e-14,3.2112547992944168e-13
4,8,8.6099999999999994,5.0225,2.2854098281616997,1.6596989067972523,2.0176876977894285,2.2854098281617072,1.6596989067972527,2.0176876977894302,7.7683884589667242e-15,8.1531501406827003e-15,3.6742671758351781e-14,4.6100331695899779e-14,3.2811025703805306e-13
4,8,8.6099999999999994,5.0430000000000001,2.2935999164860119,1.670960647537564,2.0326261889280897,2.2935999164860199,1.670960647537564,2.0326261889280919,8.2962710889009219e-15,9.0194944897658678e-15,3.7644892937449168e-14,4.0367867952828732e-14,3.3552264183725997e-13
4,8,8.6099999999999994,5.0635000000000003,2.3018128613225293,1.6823536951183928,2.0475927047311777,2.3018128613225297,1.6823536951183933,2.0475927047311786,1.0877919644084146e-15,5.1493886505412912e-15,2.3751429415569591e-14,3.4510260789425143e-14,3.3765166413681033e-13
4,8,8.6099999999999994,5.0839999999999996,2.310040801068391,1.6938624790713761,2.0625794428219359,2.310040801068391,1.6938624790713765,2.0625794428219373,1.4043333874306805e-15,5.6708383718283058e-15,2.3384553489524828e-14,3.1858951867305248e-14,3.3964805783297622e-13
4,8,8.6099999999999994,5.1044999999999998,2.3182757862935168,1.7054710388911345,2.0775783911912908,2.3182757862935173,1.7054710388911358,2.0775783911912917,1.6616296724220897e-15,6.0211049877198889e-15,2.3604277610322619e-14,2.963796457105718e-14,3.3764306255222407e-13
4,8,8.6099999999999994,5.125,2.3265098005198244,1.7171630639846287,2.0925813445857542,2.3265098005198253,1.7171630639846298,2.0925813445857555,1.9484335006297032e-15,6.8681450874226363e-15,2.3949327689038578e-14,2.9235146877551925e-14,3.3728482413616955e-13
4,8,8.6099999999999994,5.1454999999999993,2.3347347810921639,1.728921935343892,2.1075799215933051,2.3347347810921639,1.7289219353438932,2.107579921593306,1.4217791915866692e-15,7.1134459291437992e-15,2.3538398347836564e-14,3.0769205706842856e-14,3.3127561221988185e-13
4,8,8.6099999999999994,5.1659999999999995,2.3429426401061115,1.7407307688059579,2.1225655823762968,2.3429426401061111,1.7407307688059586,2.1225655823762968,8.0059320849734419e-16,7.049041960805077e-15,2.3093262320037691e-14,3.2828264195608923e-14,3.2824951024959502e-13
4,8,8.6099999999999994,5.1864999999999997,2.351125285357746,1.7525724597635453,2.1375296470003513,2.3511252853577456,1.7525724597635464,2.1375296470003518,1.2755491433176288e-15,8.0871193526174386e-15,2.2592093384101553e-14,3.6392291110246499e-14,3.2475802150685347e-13
4,8,8.6099999999999994,5.2069999999999999,2.3592746412805496,1.7644297291900952,2.1524633143082097,2.3592746412805496,1.7644297291900966,2.1524633143082106,1.6011864169946884e-15,8.3281528504962398e-15,2.3011304459183071e-14,4.0070439115585708e-14,3.1595760380973897e-13
4,8,8.6099999999999994,5.2274999999999991,2.3673826698345564,1.7762851708427172,2.1673576812875091,2.3673826698345577,1.7762851708427185,2.1673576812875095,1.9357399876532506e-15,8.7632049063409957e-15,2.1633904432218909e-14,4.4810807361451914e-14,3.1045364204000622e-13
4,8,8.6099999999999994,5.2479999999999993,2.3754413913128927,1.7881212995066336,2.1822037628814441,2.375441391312894,1.7881212995066358,2.1822037628814464,3.4111139459141383e-15,9.422026598803625e-15,2.0910948252184656e-14,4.9625354756215799e-14,2.9698756984168367e-13
4,8,8.6099999999999994,5.2684999999999995,2.3834429050308299,1.7999206001446952,2.1969925121912985,2.3834429050308312,1.7999206001446981,2.1969925121912994,3.3009303617866928e-15,9.9883057926341966e-15,1.9346830811783948e-14,5.6696210432055282e-14,2.8823812116037085e-13
4,8,8.6099999999999994,5.2889999999999988,2.3913794098624916,1.8116655778155395,2.2117148410197758,2.3913794098624925,1.8116655778155422,2.2117148410197776,3.3232593448441795e-15,1.0871260545646667e-14,2.0151885931236846e-14,5.9263971274475812e-14,2.7654100396433985e-13
4,8,8.6099999999999994,5.3094999999999999,2.3992432245903492,1.8233388082239763,2.2263616407041549,2.3992432245903492,1.8233388082239785,2.2263616407041553,2.2644195468014703e-15,1.042797328784313e-14,1.8502625325570775e-14,6.3950773659890984e-14,2.6208276348609846e-13
4,8,8.6099999999999994,5.3300000000000001,2.4070268080326231,1.8349229887671656,2.2409238031881653,2.4070268080326245,1.8349229887671674,2.2409238031881662,2.3914935841127266e-15,1.0626290181027496e-14,1.6747678447497715e-14,7.0572905246072156e-14,2.4691774557015049e-13
4,8,8.6099999999999994,5.3505000000000003,2.414722778913752,1.8464009899401794,2.2553922422816242,2.4147227789137515,1.8464009899401816,2.2553922422816242,2.2644195468014703e-15,1.0864455551549968e-14,1.5594780822874269e-14,7.2687989545298718e-14,2.3364452976043103e-13
4,8,8.6099999999999994,5.3709999999999996,2.422323935443023,1.8577559069645062,2.2697579150567311,2.422323935443023,1.8577559069645093,2.269757915056732,3.2330182483522121e-15,1.1413179091498546e-14,1.4630032097828307e-14,7.7040278826132443e-14,2.1955810506572552e-13
4,8,8.6099999999999994,5.3914999999999997,2.4298232745665427,1.8689711115030931,2.284011843330052,2.429823274566544,1.8689711115030967,2.2840118433300529,3.8968670012594065e-15,1.1495500318653537e-14,1.2772270296288965e-14,8.3011799475075011e-14,2.0519000054105004e-13
4,8,8.6099999999999994,5.4119999999999999,2.4372140108576357,1.8800303033254753,2.298145135179098,2.4372140108576361,1.8800303033254786,2.2981451351790985,3.3893637946200144e-15,1.2230229134762819e-14,1.2702960125437346e-14,8.4921611583088683e-14,1.8836310297901675e-13
4,8,8.6099999999999994,5.4324999999999992,2.4444895950108299,1.8909175617865972,2.3121490064425143,2.4444895950108321,1.8909175617866016,2.312149006442517,5.6348603740594784e-15,1.23364713329799e-14,1.0971705667031895e-14,9.0136846107428335e-14,1.6998932139607555e-13
4,8,8.6099999999999994,5.4529999999999994,2.4516437319045732,1.9016173969828971,2.3260148021528355,2.4516437319045745,1.9016173969829009,2.3260148021528364,4.1003168222129877e-15,1.2091241145987157e-14,9.6629273614057674e-15,9.2143026646462686e-14,1.5325168124299571e-13
4,8,8.6099999999999994,5.4734999999999996,2.458670398197766,1.9121148004491955,2.3397340178507302,2.4586703981977669,1.9121148004491992,2.3397340178507315,4.1003168222129877e-15,1.2175052134249189e-14,9.2711932236352455e-15,9.4700462126415814e-14,1.3569178326962654e-13
4,8,8.6099999999999994,5.4939999999999998,2.4655638594253038,1.9223952952600245,2.3532983207297833,2.4655638594253051,1.9223952952600289,2.3532983207297851,4.9650683064945462e-15,1.2715931548845734e-14,8.8058254464244656e-15,9.8902116790833472e-14,1.1832873455756232e-13
4,8,8.6099999999999994,5.5144999999999991,2.47231868655772,1.9324449853989203,2.3666995705607095,2.4723186865577209,1.9324449853989245,2.3666995705607099,4.3341377811019514e-15,1.237350907620824e-14,8.9742837063694212e-15,9.7361938495432031e-14,1.0154141298146045e-13
4,8,8.6099999999999994,5.5349999999999993,2.4789297719900687,1.9422506042592829,2.3799298403439901,2.4789297719900705,1.9422506042592877,2.3799298403439919,5.4930801582266845e-15,1.2903447400141165e-14,9.3767848735652237e-15,1.0102163268987385e-13,8.7585831461611017e-14
4,8,8.6099999999999994,5.5554999999999994,2.4853923449252036,1.9517995621403728,2.3929814366399258,2.4853923449252053,1.9517995621403781,2.3929814366399271,5.773159728050814e-15,1.2824157274890029e-14,1.0623534945633305e-14,1.017621606502515e-13,7.5043521312322987e-14
4,8,8.6099999999999994,5.5760000000000005,2.4917019861165466,1.9610799926020188,2.4058469195250232,2.4917019861165493,1.9610799926020241,2.4058469195250249,6.2172489379008766e-15,1.2754162666941819e-14,1.1139498942450121e-14,1.013045659003127e-13,6.3112248618530407e-14
4,8,8.6099999999999994,5.5964999999999998,2.4978546419355241,1.9700807975416155,2.4185191221237221,2.4978546419355254,1.970080797541621,2.4185191221237226,5.7259961031464477e-15,1.2482111610983971e-14,1.26219223971514e-14,1.0372247838064797e-13,5.4995388084978176e-14
4,8,8.6099999999999994,5.617,2.5038466377287603,1.9787916908569867,2.4309911696644133,2.5038466377287611,1.9787916908569922,2.4309911696644146,5.7774282385992528e-15,1.2295939283611665e-14,1.4749783998618188e-14,1.0283375964919657e-13,5.4391411176812646e-14
4,8,8.6099999999999994,5.6375000000000002,2.5096746904301952,1.9872032405586881,2.4432564980087159,2.5096746904301974,1.9872032405586946,2.4432564980087181,7.1641651743899706e-15,1.2303455292759255e-14,1.6324054293995991e-14,1.0550222519260714e-13,6.3245304361112195e-14
4,8,8.6099999999999994,5.6579999999999995,2.5153359203932388,1.9953069091953302,2.4553088716029783,2.5153359203932415,1.9953069091953366,2.4553088716029805,7.3140023335585465e-15,1.2258415802250701e-14,1.8575262161613873e-14,1.0288828280997228e-13,7.3285484633527215e-14
4,8,8.6099999999999994,5.6784999999999997,2.5208278624081073,2.0030950924554927,2.4671424008009786,2.5208278624081104,2.0030950924554993,2.4671424008009808,7.679020293323272e-15,1.2217750913552394e-14,2.0006206581621386e-14,1.0315773687731646e-13,8.7015424974757071e-14
4,8,8.6099999999999994,5.6989999999999998,2.5261484758694577,2.0105611558098082,2.4787515585067799,2.5261484758694603,2.0105611558098149,2.4787515585067821,7.5102300046870965e-15,1.2028383947903857e-14,2.2571683261474604e-14,9.8418578507915694e-14,9.897910679501885e-14
4,8,8.6099999999999994,5.7195,2.5312961540594747,2.0176994690567933,2.4901311960867147,2.5312961540594765,2.0176994690568,2.490131196086717,7.2428758236764821e-15,1.140629217104128e-14,2.375202742397929e-14,9.8742504352541088e-14,1.2179222483936853e-13
4,8,8.6099999999999994,5.7399999999999993,2.5362697325115273,2.0245054386360022,2.501276558499467,2.5362697325115304,2.0245054386360088,2.5012765584994683,7.4707368474861024e-15,1.1318320803409118e-14,2.6269680930398132e-14,9.6524403914193268e-14,1.3541517255126446e-13
4,8,8.6099999999999994,5.7604999999999995,2.5410684964195385,2.0309755375720773,2.5121832985932078,2.5410684964195411,2.0309755375720839,2.5121832985932091,7.2971303333857408e-15,1.120421460393781e-14,2.6793490947286432e-14,9.4101852081753574e-14,1.5172065920491986e-13
4,8,8.6099999999999994,5.7809999999999997,2.5456921870581826,2.0371073329132736,2.5228474905187639,2.5456921870581857,2.0371073329132812,2.5228474905187661,8.461035820087681e-15,1.0495131508437366e-14,3.0175251139622082e-14,9.0479311077351347e-14,1.6510386365902638e-13
4,8,8.6099999999999994,5.801499999999999,2.5501410071790747,2.0428995105280365,2.5332656422077817,2.5501410071790773,2.0428995105280441,2.5332656422077835,8.2006336444259753e-15,1.058444965470703e-14,3.1446956933929277e-14,8.7870685075413706e-14,1.8690828014754323e-13
4,8,8.6099999999999994,5.8219999999999992,2.5544156253480472,2.0483518971232035,2.5434347068648488,2.5544156253480494,2.0483518971232111,2.5434347068648497,7.9192450375695806e-15,1.0114955857226949e-14,3.395998744207804e-14,8.6189911436027915e-14,2.0038267712298838e-13
4,8,8.6099999999999994,5.8424999999999994,2.5585171791886796,2.0534654793474072,2.5533520934225433,2.5585171791886836,2.0534654793474156,2.5533520934225451,9.5039241183737278e-15,1.0342704758191223e-14,3.4203699337855322e-14,8.2810256459880027e-14,2.1432538466317871e-13
4,8,8.6099999999999994,5.8630000000000004,2.562447277497196,2.0582424198432672,2.5630156759083844,2.5624472774972005,2.0582424198432756,2.5630156759083866,9.7901276796757316e-15,1.0242070663050926e-14,3.6866133694361844e-14,7.9899027305625601e-14,2.2592097433379441e-13
4,8,8.6099999999999994,5.8834999999999997,2.5662080011938624,2.0626860701119223,2.5724238016726364,2.5662080011938655,2.0626860701119303,2.5724238016726377,8.6796437973344643e-15,9.7928813953195498e-15,3.7831246652058197e-14,7.7299955781041234e-14,2.4145755584882908e-13
4,8,8.6099999999999994,5.9039999999999999,2.5698019030760273,2.0668009800535048,2.5815752984259475,2.5698019030760304,2.0668009800535132,2.5815752984259488,9.0902794138519739e-15,9.9759963886453983e-15,3.9935518511264625e-14,7.4129884206766215e-14,2.4537044065529336e-13
4,8,8.6099999999999994,5.9245000000000001,2.5732320063379333,2.0705929040471225,2.5904694800357806,2.5732320063379377,2.0705929040471309,2.5904694800357815,9.5762769504616257e-15,9.6101651484856267e-15,4.0815496444263307e-14,6.9716525330772526e-14,2.6211874212020138e-13
4,8,8.6099999999999994,5.9449999999999994,2.5765018018224315,2.0740688034339168,2.5991061510306097,2.5765018018224342,2.0740688034339252,2.5991061510306106,8.8928794970136893e-15,9.9541958063327386e-15,4.2906062297182109e-14,6.7094429642369737e-14,2.725159506144851e-13
4,8,8.6099999999999994,5.9654999999999996,2.5796152439697231,2.077236845266786,2.6074856097608405,2.5796152439697275,2.0772368452667953,2.6074856097608423,1.0480881692492569e-14,1.0013763951904689e-14,4.405742807453053e-14,6.3155298038741231e-14,2.7750281567358907e-13
4,8,8.6099999999999994,5.9859999999999998,2.5825767454282906,2.0801063971903484,2.6156086501654356,2.5825767454282951,2.0801063971903564,2.6156086501654365,9.1873890120451674e-15,1.0233228916239295e-14,4.4797774190989409e-14,6.0163768325653264e-14,2.9170948878325938e-13
4,8,8.6099999999999994,6.0065,2.5853911702931089,2.0826880183147054,2.6234765620931846,2.5853911702931134,2.0826880183147152,2.6234765620931859,1.0814278949565478e-14,1.0445255074461016e-14,4.5576142646121687e-14,5.8292629681557101e-14,2.9573207247064035e-13
4,8,8.6099999999999994,6.0269999999999992,2.5880638259363038,2.0849934459466084,2.6310911301276292,2.5880638259363087,2.0849934459466177,2.6310911301276305,1.0611780916523835e-14,1.091373974353484e-14,4.754065867075674e-14,5.4070026988671331e-14,3.077265863126478e-13
4,8,8.6099999999999994,6.0474999999999994,2.5906004533953797,2.0870355780415792,2.6384546308645658,2.5906004533953846,2.0870355780415886,2.6384546308645653,1.0537180477236661e-14,1.1413077843364003e-14,4.7538292756807048e-14,5.2327939374868445e-14,2.997269903553466e-13
4,8,8.6099999999999994,6.0679999999999996,2.5930072162841369,2.0888284512405737,2.6455698285911105,2.5930072162841369,2.0888284512405746,2.64556982859111,9.9301366129890925e-16,1.9018529733302063e-14,2.6202439438472249e-14,3.9539685490402684e-14,3.1129639980954781e-13
4,8,8.6099999999999994,6.0884999999999989,2.5952906881921067,2.0903872143569155,2.6524399693160583,2.5952906881921067,2.0903872143569151,2.6524399693160574,9.9301366129890925e-16,1.9645007415322339e-14,2.5962429530849638e-14,4.0074284019891896e-14,3.0278189915280765e-13
4,8,8.6099999999999994,6.1089999999999991,2.5974578385519096,2.0917280972230232,2.6590687731164095,2.5974578385519087,2.0917280972230228,2.65906877311641,1.0877919644084146e-15,2.0388918122140525e-14,2.6151114222311769e-14,4.2370974839662281e-14,3.0189869099044854e-13
4,8,8.6099999999999994,6.1294999999999993,2.5995160170015086,2.0928683749591337,2.665460424817975,2.599516017001509,2.0928683749591332,2.6654604248179741,1.0877919644084146e-15,2.0707640526816995e-14,2.6196382179071425e-14,4.4784806034239143e-14,2.9577541592769298e-13
4,8,8.6099999999999994,6.1500000000000004,2.601472936307625,2.0938263278526055,2.6716195630717885,2.6014729363076237,2.0938263278526041,2.6716195630717872,2.3075552236602768e-15,2.0607118891393955e-14,2.7337480784081458e-14,4.5184303984000403e-14,3.0404134054486799e-13
4,8,8.6099999999999994,6.1704999999999997,2.6033366539240328,2.0946211970602708,2.6775512678963387,2.6033366539240319,2.0946211970602691,2.6775512678963365,2.9790409838967277e-15,2.1771154209977202e-14,2.7475103967523014e-14,5.152882227756052e-14,2.9248626990325362e-13
4,8,8.6099999999999994,6.1909999999999998,2.6051155522586495,2.0952731363469104,2.6832610467558635,2.6051155522586491,2.095273136346909,2.6832610467558617,2.2644195468014703e-15,2.2409321155442916e-14,2.7378100350021472e-14,5.6729246131565103e-14,2.901466292027137e-13
4,8,8.6099999999999994,6.2115,2.6068183177233006,2.0958031600729181,2.6887548192449358,2.6068183177233011,2.0958031600729159,2.688754819244934,2.8780270159990897e-15,2.2490797642083415e-14,2.8179633265001295e-14,5.9889920893420884e-14,2.7832173010579405e-13
4,8,8.6099999999999994,6.2319999999999993,2.6084539186400799,2.0962330876442294,2.6940389004495584,2.6084539186400795,2.0962330876442272,2.6940389004495562,3.1714313080323688e-15,2.2801323620537081e-14,2.9050370267916048e-14,6.2447849322134964e-14,2.8830454829913758e-13
4,8,8.6099999999999994,6.2524999999999995,2.6100315820782036,2.0965854846375924,2.699119983055021,2.6100315820782027,2.0965854846375898,2.6991199830550183,3.8714799753065012e-15,2.3062645674823184e-14,2.9156792926797484e-14,6.5361498881458995e-14,2.7385086187558348e-13
4,8,8.6099999999999994,6.2729999999999997,2.6115607696952567,2.0968836008142415,2.704005118270731,2.6115607696952559,2.0968836008142389,2.7040051182707292,3.3232593448441795e-15,2.3783355249837619e-14,3.0192874408385555e-14,7.1581408888365379e-14,2.719074678322209e-13
4,8,8.6099999999999994,6.2934999999999999,2.6130511526567406,2.0971513052350668,2.7087016956422665,2.6130511526567397,2.0971513052350623,2.7087016956422629,5.7560540319981793e-15,2.4181682130216485e-14,3.0255385348739105e-14,7.4661157046472131e-14,2.5518171312385661e-13
4,8,8.6099999999999994,6.3139999999999992,2.6145125857078226,2.0974130186903266,2.7132174218208651,2.6145125857078222,2.0974130186903222,2.7132174218208625,5.197930934883577e-15,2.435976755154185e-14,2.9791581584973333e-14,8.0051006565458998e-14,2.3421496064933707e-13
4,8,8.6099999999999994,6.3344999999999994,2.6159550804711893,2.0976936436570019,2.7175602983605991,2.6159550804711884,2.0976936436569975,2.7175602983605964,5.2545343925732767e-15,2.4802181340562916e-14,3.0748330390122899e-14,8.6965903337678076e-14,2.2086175914717554e-13
4,8,8.6099999999999994,6.3549999999999995,2.6173887780449041,2.0980184919968417,2.7217385986134506,2.6173887780449032,2.0980184919968363,2.7217385986134466,6.7202891919844438e-15,2.4984740151474739e-14,3.1413108344827602e-14,8.8739536728312919e-14,2.1005994680702501e-13
4,8,8.6099999999999994,6.3754999999999997,2.6188239209741786,2.0984132106081881,2.7257608437925276,2.6188239209741773,2.0984132106081832,2.7257608437925231,6.7349463286805917e-15,2.5604007250508552e-14,3.1504957174089613e-14,9.4128319653526003e-14,1.9405399766157202e-13
4,8,8.6099999999999994,6.395999999999999,2.6202708246709561,2.0989037052446524,2.7296357782736531,2.6202708246709556,2.0989037052446466,2.7296357782736487,7.2971303333857408e-15,2.6049535595582311e-14,3.2162240325338726e-14,9.6710813311300389e-14,2.0037646430842046e-13
4,8,8.6099999999999994,6.4164999999999992,2.6217398483552166,2.0995160627137079,2.7333723442055557,2.6217398483552157,2.0995160627137013,2.7333723442055504,8.5767872430100163e-15,2.6623150626255921e-14,3.2994001995418591e-14,9.9091618729901867e-14,1.8342427491734357e-13
4,8,8.6099999999999994,6.4370000000000003,2.623241365591884,2.1002764716682689,2.7369796554988883,2.623241365591884,2.1002764716682636,2.736979655498883,7.5364438016821196e-15,2.6535451665586525e-14,3.4000761389564243e-14,1.0186621447312041e-13,1.4947062709348707e-13
4,8,8.6099999999999994,6.4574999999999996,2.6247857344972783,2.1012111422043538,2.7404669712643193,2.6247857344972778,2.1012111422043471,2.7404669712643139,8.542226509110115e-15,2.7104722964050616e-14,3.4647141738053757e-14,1.0445068845731269e-13,1.4193127795236625e-13
4,8,8.6099999999999994,6.4779999999999998,2.6263832676889707,2.1023462244778663,2.743843668769911,2.6263832676889698,2.1023462244778588,2.7438436687699035,1.0713508375394925e-14,2.7578583845983554e-14,3.5724143043049904e-14,1.0568716752692242e-13,1.3467394273015699e-13
4,8,8.6099999999999994,6.4984999999999999,2.6280442020529833,2.1037077265536044,2.7471192159880315,2.6280442020529819,2.1037077265535973,2.7471192159880253,9.5349997025024393e-15,2.7592661458225949e-14,3.7243411419084557e-14,1.0974935055203436e-13,1.2391745225239532e-13
4,8,8.6099999999999994,6.5190000000000001,2.6297786684022086,2.1053214316995454,2.7503031438020247,2.6297786684022078,2.105321431699537,2.7503031438020171,1.1356881526353765e-14,2.8133493541719888e-14,3.8262377264377563e-14,1.1263900639436141e-13,1.0417329780820825e-13
4,8,8.6099999999999994,6.5394999999999994,2.6315966610999668,2.107212815339488,2.7534050179428631,2.6315966610999659,2.1072128153394796,2.7534050179428555,1.1356881526353765e-14,2.7832286633418428e-14,4.0364604492557891e-14,1.125319341346854e-13,6.58095409000088e-14
4,8,8.6099999999999994,6.5599999999999996,2.633508007722599,2.1094069618771285,2.7564344107260328,2.6335080077225981,2.1094069618771205,2.7564344107260257,1.0731900677991188e-14,2.8698006897267224e-14,4.1931501042880704e-14,1.1327866179728716e-13,5.3280527165663101e-14
4,8,8.6099999999999994,6.5804999999999998,2.6355223388349995,2.11192848160464,2.7594008726588628,2.6355223388349995,2.1119284816046311,2.7594008726588539,1.2560739669470201e-14,2.9048915029282283e-14,4.30975365101784e-14,1.1114968299123986e-13,3.7060834361937054e-14
4,8,8.6099999999999994,6.6009999999999991,2.6376490579529888,2.1148014279088185,2.7623139039885349,2.6376490579529892,2.1148014279088088,2.7623139039885265,1.291681390491649e-14,2.9750222570776367e-14,4.4462534944995473e-14,1.1712279368219089e-13,2.9205407954182374e-14
4,8,8.6099999999999994,6.6214999999999993,2.6398973117664331,2.1180492149878911,2.7651829262610268,2.6398973117664331,2.1180492149878809,2.7651829262610175,1.3831079839119408e-14,2.9608204184839615e-14,4.5817116589760304e-14,1.1512236546628313e-13,1.8720348745267393e-14
4,8,8.6099999999999994,6.6419999999999995,2.6422759606970119,2.1216945362920314,2.7680172539611747,2.6422759606970114,2.1216945362920216,2.7680172539611654,1.3513744838447418e-14,3.0028021479215218e-14,4.7547634190590858e-14,1.1654719222521352e-13,1.7332284715797756e-14
4,8,8.6099999999999994,6.6624999999999996,2.6447935498645347,2.1257592839006811,2.7708260663041373,2.6447935498645347,2.1257592839006718,2.7708260663041275,1.350644602892852e-14,3.0429441496327675e-14,4.9140300628240604e-14,1.1906105427041256e-13,3.2886597590173525e-14
4,8,8.6099999999999994,6.6829999999999989,2.6474582805357136,2.1302644690497297,2.7736183792484597,2.6474582805357132,2.1302644690497199,2.7736183792484486,1.4795570323540449e-14,3.0394699857762159e-14,5.1562247809506086e-14,1.1198116919018027e-13,6.4925174216543131e-14
4,8,8.6099999999999994,6.7034999999999991,2.6502779821292899,2.1352301440216364,2.7764030178009684,2.6502779821292899,2.1352301440216261,2.7764030178009578,1.4762209355896038e-14,3.0778630735126284e-14,5.3790763837534688e-14,1.1306873429465921e-13,8.2883037938355498e-14
4,8,8.6099999999999994,6.7240000000000002,2.6532600848514241,2.1406753256115687,2.7791885886837608,2.6532600848514245,2.1406753256115576,2.7791885886837484,1.6675535046600652e-14,3.1732489675527967e-14,5.5117431652702306e-14,1.1471542925638726e-13,7.7765080205862816e-14
4,8,8.6099999999999994,6.7444999999999986,2.6564115930352417,2.1466179203826159,2.7819834534334724,2.6564115930352425,2.1466179203826048,2.7819834534334604,1.6365154362930204e-14,3.2227283190701326e-14,5.6451784058207524e-14,1.13367634161933e-13,1.0455825579553913e-13
4,8,8.6099999999999994,6.7649999999999997,2.6597390592584556,2.1530746519231769,2.7847957020031,2.6597390592584569,2.1530746519231649,2.7847957020030867,1.7973272954250828e-14,3.2241383667383306e-14,5.9009862035103848e-14,1.0358089277985358e-13,1.3436909603121511e-13
4,8,8.6099999999999994,6.7854999999999999,2.6632485593129385,2.1600609903195558,2.7876331269365728,2.6632485593129389,2.1600609903195438,2.7876331269365591,1.8261734520088248e-14,3.2618564550160624e-14,6.1330215228871553e-14,9.8242505647314586e-14,1.5196224035516514e-13
4,8,8.6099999999999994,6.806,2.6669456681001873,2.1675910840568866,2.7905031981863346,2.6669456681001886,2.1675910840568746,2.7905031981863209,1.8304881029185216e-14,3.2936420184460087e-14,6.2723340695640014e-14,9.6660711839614303e-14,1.7152769674771323e-13
4,8,8.6099999999999994,6.8264999999999993,2.6708354365265481,2.1756776945614136,2.7934130386441471,2.670835436526549,2.1756776945614011,2.7934130386441334,1.8572275865059925e-14,3.4082852342031089e-14,6.390278717918152e-14,9.825429860709263e-14,1.8153691192630575e-13
4,8,8.6099999999999994,6.8469999999999995,2.6749223694721191,2.1843321335972345,2.7963694004553563,2.6749223694721214,2.1843321335972221,2.7963694004553399,2.0725220454625831e-14,3.4489471830278217e-14,6.631408222579136e-14,9.4876726239177393e-14,1.9502141119226024e-13
4,8,8.6099999999999994,6.8674999999999997,2.6792104049072401,2.1935642037305567,2.7993786421868436,2.6792104049072409,2.1935642037305434,2.7993786421868272,2.11723926232214e-14,3.5073648070283842e-14,6.76459182722299e-14,9.4621032894124241e-14,2.1475283623617967e-13
4,8,8.6099999999999994,6.8879999999999999,2.6837028942304539,2.2033821420745516,2.8024467069189094,2.6837028942304562,2.2033821420745388,2.8024467069188916,2.2052953273173046e-14,3.5881830196329789e-14,6.901016293725022e-14,8.8278719014126429e-14,2.1783379253654448e-13
4,8,8.6099999999999994,6.9084999999999992,2.6884025839018673,2.2137925675278796,2.8055791013313018,2.6884025839018704,2.2137925675278667,2.8055791013312845,2.180563942245136e-14,3.6467119090209163e-14,7.0923512315187558e-14,7.6062026814837345e-14,2.5082668074607086e-13
4,8,8.6099999999999994,6.9289999999999994,2.693311598445788,2.2248004317199515,2.808780875853639,2.6933115984457903,2.2248004317199395,2.8087808758536212,2.1546337106862629e-14,3.7205942767248185e-14,7.1601122486800769e-14,7.2105117940618139e-14,2.5877867424540936e-13
4,8,8.6099999999999994,6.9494999999999996,2.6984314248965569,2.2364089738760029,2.8120566059504362,2.6984314248965591,2.2364089738759896,2.8120566059504175,2.3028498508040537e-14,3.805479712954735e-14,7.2863334245616965e-14,6.6881147206339232e-14,2.8560288244476426e-13
4,8,8.6099999999999994,6.9699999999999989,2.703762898761477,2.2486196798150551,2.8154103746109911,2.7037628987614806,2.2486196798150422,2.8154103746109711,2.4038315520734623e-14,3.9018021745743482e-14,7.5824783375368445e-14,6.9525495327601418e-14,2.8138019406740781e-13
4,8,8.6099999999999994,6.990499999999999,2.7093061915747416,2.2614322452938409,2.8188457561143445,2.7093061915747461,2.2614322452938276,2.8188457561143241,2.4789567264620983e-14,4.0005712445218694e-14,7.6338470156930022e-14,6.7054161994069291e-14,2.951974252855859e-13
4,8,8.6099999999999994,7.0110000000000001,2.7150608001162513,2.2748445439097491,2.822365801139552,2.7150608001162548,2.2748445439097358,2.8223658011395307,2.5386991936138606e-14,4.0662704519389162e-14,7.7456676824703675e-14,4.7869541654869753e-14,3.0487298364674052e-13
4,8,8.6099999999999994,7.0315000000000003,2.7210255373692456,2.2888525997758831,2.8259730232914917,2.72102553736925,2.2888525997758706,2.8259730232914704,2.5074332323337074e-14,4.1739264286587052e-14,7.9367222562534227e-14,4.5326478134033013e-14,3.219092377840955e-13
4,8,8.6099999999999994,7.0519999999999996,2.7271985252906368,2.3034505651812993,2.8296693871124603,2.7271985252906421,2.303450565181286,2.8296693871124385,2.6065426423168229e-14,4.314270105088101e-14,8.013480276062057e-14,4.627060078246041e-14,3.2469086872691881e-13
4,8,8.6099999999999994,7.0724999999999998,2.733577189467955,2.3186307034494855,2.8334562976497559,2.7335771894679599,2.3186307034494726,2.8334562976497315,2.8040989769960752e-14,4.4146444927533056e-14,8.1280003139085847e-14,4.7030494050419719e-14,3.3738623738939195e-13
4,8,8.6099999999999994,7.093,2.7401582557367887,2.334383377208165,2.8373345916495012,2.7401582557367954,2.3343833772081517,2.8373345916494777,2.7853988947453559e-14,4.5002736580783585e-14,8.1958826343293064e-14,3.9778223495445606e-14,3.5675154239994138e-13
4,8,8.6099999999999994,7.1134999999999993,2.7469377488326727,2.3506970422835041,2.84130453044695,2.7469377488326794,2.3506970422834925,2.8413045304469251,2.8216269572611937e-14,4.6796929375498249e-14,8.105818060234037e-14,3.2017569338328995e-14,3.5605764591869611e-13
4,8,8.6099999999999994,7.1339999999999995,2.7539109931512558,2.3675582474317798,2.8453657946234645,2.7539109931512629,2.3675582474317678,2.8453657946234396,2.8508313657667433e-14,4.7924741538193194e-14,8.1809143616333671e-14,3.0191534839800365e-14,3.6211982899736154e-13
4,8,8.6099999999999994,7.1544999999999996,2.7610726156907188,2.3849516401215882,2.8495174805004488,2.7610726156907264,2.3849516401215762,2.8495174805004226,2.9787099609517762e-14,4.8925483040721415e-14,8.1927914958482567e-14,3.2521765921841814e-14,3.6485435455018938e-13
4,8,8.6099999999999994,7.1749999999999998,2.7684165512502976,2.4028599785796749,2.8537580985404234,2.7684165512503052,2.4028599785796625,2.8537580985403959,3.1140123117016235e-14,5.0512715136432807e-14,8.1520918103400064e-14,3.4160247277327802e-14,3.6929429090443371e-13
4,8,8.6099999999999994,7.1954999999999991,2.7759360499588386,2.421264150313438,2.8580855737255031,2.7759360499588479,2.4212641503134251,2.8580855737254756,3.1795050716121318e-14,5.1427366758040787e-14,8.5448955379236017e-14,3.4567716965161693e-14,3.8576810657198379e-13
4,8,8.6099999999999994,7.2159999999999993,2.7836236872072901,2.4401431973232137,2.8624972479835016,2.7836236872072995,2.4401431973232013,2.8624972479834718,3.3569149573800873e-14,5.2819414630036214e-14,8.2872106664421156e-14,3.4493469821106592e-14,3.674869740366255e-13
4,8,8.6099999999999994,7.2364999999999995,2.7914713760590066,2.4594743482173644,2.8669898847318747,2.7914713760590164,2.4594743482173529,2.8669898847318445,3.3774144977328191e-14,5.4415087371966166e-14,8.4702377285167136e-14,4.2458737424190057e-14,3.8096124986531223e-13
4,8,8.6099999999999994,7.2569999999999988,2.7994703822118119,2.4792330574432988,2.8715596756097708,2.7994703822118225,2.4792330574432864,2.871559675609741,3.3963389975964187e-14,5.6038314706971174e-14,8.1453530712341667e-14,5.6874635311874827e-14,3.6849879345952284e-13
4,8,8.6099999999999994,7.277499999999999,2.8076113415856803,2.499393051847453,2.876202249468387,2.8076113415856918,2.4993930518474414,2.8762022494683555,3.5507702569576111e-14,5.755599638052802e-14,8.2710795702776791e-14,6.6527468828616096e-14,3.6724217595505701e-13
4,8,8.6099999999999994,7.298,2.8158842806099691,2.5199263847773312,2.8809126836898722,2.815884280609982,2.5199263847773197,2.8809126836898398,3.6744189190751805e-14,5.8721274287253146e-14,8.3347511894413391e-14,6.343018076478629e-14,3.8363139329524746e-13
4,8,8.6099999999999994,7.3185000000000002,2.8242786392840911,2.5408034979386631,2.8856855179050207,2.8242786392841039,2.5408034979386511,2.8856855179049878,3.7277050373477948e-14,6.0739981049019184e-14,8.3177861584806058e-14,6.2362522902297563e-14,3.7905973239131583e-13
4,8,8.6099999999999994,7.3389999999999995,2.8327832970855336,2.561993291220765,2.8905147701799705,2.8327832970855464,2.5619932912207544,2.8905147701799354,3.8862246500242717e-14,6.185058349124759e-14,8.1295318146384717e-14,8.1963037211063232e-14,3.4243165799276225e-13
4,8,8.6099999999999994,7.3594999999999997,2.8413866017991252,2.5834632007031635,2.8953939557421418,2.8413866017991416,2.5834632007031546,2.8953939557421076,3.8963608817688299e-14,6.4058665928317592e-14,8.0350392405690778e-14,8.7682600225380979e-14,3.2761144564979711e-13
4,8,8.6099999999999994,7.3799999999999999,2.8500764013414654,2.6051792850565691,2.9003161083156668,2.8500764013414819,2.6051792850565603,2.9003161083156308,4.0531504229707005e-14,6.4981961567095354e-14,8.1618836807148788e-14,9.2173922284072826e-14,3.0973877356469043e-13
4,8,8.6099999999999994,7.4004999999999992,2.8588400786543886,2.6271063205512508,2.9052738041364976,2.8588400786544041,2.6271063205512406,2.9052738041364603,4.1682923886758212e-14,6.6251320621473391e-14,8.0959850234926064e-14,1.0022651728501976e-13,3.5191597183483603e-13
4,8,8.6099999999999994,7.4209999999999994,2.8676645897414028,2.6492079048859138,2.9102591887174749,2.8676645897414201,2.649207904885905,2.9102591887174367,4.286553701385347e-14,6.7488981980154309e-14,8.1204902673189421e-14,1.0587593429665959e-13,3.2004015362747244e-13
4,8,8.6099999999999994,7.4414999999999996,2.8765365049209732,2.6714465700500796,2.9152640064335449,2.8765365049209732,2.67144657005008,2.9152640064335449,4.4408920985006262e-16,1.645793297320774e-14,6.2095055453730095e-14,4.4178507072217097e-14,3.1959123042473447e-13
4,8,8.6099999999999994,7.4619999999999997,2.8854420533656362,2.6937839044193246,2.9202796329932887,2.8854420533656366,2.6937839044193241,2.9202796329932883,7.6918507455342553e-16,1.5613639969734534e-14,5.8081869675078222e-14,5.2132744352399968e-14,3.0817079476538242e-13
4,8,8.6099999999999994,7.482499999999999,2.8943671709257068,2.7161806840858924,2.925297110804681,2.8943671709257064,2.7161806840858933,2.925297110804681,9.9301366129890925e-16,1.3613027583638232e-14,5.4240180915615363e-14,6.6980961348865386e-14,2.6540842178527365e-13
4,8,8.6099999999999994,7.5029999999999992,2.9032975510468599,2.7385970128965837,2.9303071870858739,2.9032975510468595,2.7385970128965833,2.930307187085873,1.0877919644084146e-15,1.3490580325276125e-14,5.439877270363079e-14,6.7123977563731911e-14,2.3495225748843091e-13
4,8,8.6099999999999994,7.5234999999999994,2.9122186984675351,2.7609924703242688,2.9353003544695229,2.9122186984675351,2.7609924703242692,2.9353003544695229,4.4408920985006262e-16,1.1723404483824736e-14,5.2345417451982649e-14,6.8553911944207666e-14,2.0273432425694933e-13
4,8,8.6099999999999994,7.5439999999999987,2.9211159853645725,2.7833262662503016,2.9402668938346452,2.921115985364573,2.7833262662503011,2.9402668938346452,6.2803698347351007e-16,9.8010199990710682e-15,5.472171520185932e-14,8.2530428174771378e-14,2.4266767578158928e-13
4,8,8.6099999999999994,7.5644999999999989,2.9299747096152116,2.8055574017342662,2.9451969190997329,2.9299747096152111,2.8055574017342639,2.9451969190997311,2.8780270159990897e-15,9.8497886151185056e-15,5.0503443553112819e-14,8.2858645087592512e-14,2.2531630961458976e-13
4,8,8.6099999999999994,7.585,2.9387801548435797,2.8276448348475469,2.95008042371088,2.9387801548435784,2.8276448348475456,2.9500804237108791,2.082963028648268e-15,9.3859819884836081e-15,4.8565230693388795e-14,7.9683081734482352e-14,1.5085153049024401e-13
4,8,8.6099999999999994,7.6055000000000001,2.947517651919795,2.849547650647188,2.954907328558678,2.947517651919795,2.8495476506471862,2.9549073285586762,2.5121479338940403e-15,8.0636515556182182e-15,4.5955128748442835e-14,8.3641287810104967e-14,1.3588486938093262e-13
4,8,8.6099999999999994,7.6259999999999994,2.9561726415798431,2.8712252343665003,2.9596675310575971,2.9561726415798422,2.871225234366499,2.9596675310575962,1.831026719408895e-15,6.2016167744738422e-15,4.9750582143417404e-14,1.0322232522076195e-13,1.6133481220114312e-13
4,8,8.6099999999999994,7.6464999999999996,2.9647307378343051,2.8926374468988936,2.9643509551216312,2.9647307378343046,2.8926374468988922,2.9643509551216307,1.4728772825180591e-15,4.9032406306212164e-15,4.5307472543640223e-14,9.9590161411276228e-14,1.4032323094841406e-13
4,8,8.6099999999999994,7.6669999999999998,2.9731777918341185,2.9137448016513785,2.9689476017699166,2.973177791834118,2.9137448016513767,2.9689476017699157,2.0350724194510405e-15,3.8380050269184556e-15,4.5155523705230484e-14,9.934628983637466e-14,8.969530224991198e-14
4,8,8.6099999999999994,7.6875,2.9814999558614668,2.934508641844237,2.9734476000961028,2.9814999558614654,2.9345086418442348,2.9734476000961014,2.912087692897636e-15,3.9708907867992513e-15,4.2911699750204513e-14,9.6738338948130795e-14,8.1310781859832715e-14
4,8,8.6099999999999994,7.7079999999999993,2.9896837471139444,2.9548913173333045,2.9778412583351952,2.9896837471139439,2.9548913173333031,2.9778412583351943,1.6616296724220897e-15,4.1306414227472469e-15,3.4256677592342119e-14,9.676662102695025e-14,3.6793132744655391e-14
4,8,8.6099999999999994,7.7284999999999995,2.9977161109501282,2.9748563600313482,2.9821191147616366,2.9977161109501269,2.9748563600313465,2.9821191147616357,2.3914935841127266e-15,2.5967414043929347e-15,3.3807749489429259e-14,9.3319248024015018e-14,3.0551917551976378e-14
4,8,8.6099999999999994,7.7489999999999997,3.0055844832646645,2.994368657004983,2.9862719881523452,3.0055844832646645,2.9943686570049821,2.9862719881523447,9.9301366129890925e-16,2.1563778095984344e-15,3.1713390009371131e-14,9.7446217141447831e-14,3.6331274539452344e-14
4,8,8.6099999999999994,7.769499999999999,3.0132768516610304,3.0133946203236226,2.9902910275484835,3.0132768516610304,3.0133946203236213,2.9902910275484826,1.6011864169946884e-15,8.459761032879693e-16,3.2490340598246511e-14,1.051517189053781e-13,3.5748491806760733e-14
4,8,8.6099999999999994,7.7899999999999991,3.0207818150900798,3.0319023527369144,2.994167761049678,3.0207818150900789,3.0319023527369118,2.9941677610496766,3.1086244689504383e-15,1.1947800110396136e-15,3.0274908591196558e-14,1.0007045594837161e-13,5.8065407162221848e-14
4,8,8.6099999999999994,7.8104999999999993,3.0280886416225039,3.0498618082571185,2.9978941433744537,3.028088641622503,3.0498618082571163,2.9978941433744533,2.4323767777952471e-15,1.0265811539126828e-15,2.9528019285673032e-14,1.1013188566719683e-13,6.7857063772130951e-14
4,8,8.6099999999999994,7.8309999999999995,3.0351873240233567,3.0672449467229299,3.0014626019206201,3.0351873240233567,3.0672449467229272,3.0014626019206183,3.2023728339893768e-15,2.3714374201337737e-15,2.9960392229214206e-14,9.8624867566719834e-14,6.9669657310947676e-14
4,8,8.6099999999999994,7.8514999999999988,3.0420686327967434,3.084025881421169,3.0048660810593462,3.0420686327967434,3.0840258814211663,3.0048660810593453,2.808666774861361e-15,8.6888695363654559e-16,2.5165844341575102e-14,9.1061572646445208e-14,1.5125720210438275e-13
4,8,8.6099999999999994,7.8719999999999999,3.0487241663688325,3.1001810188428385,3.0080980843966887,3.0487241663688325,3.1001810188428367,3.0080980843966874,2.2204460492503131e-15,2.7421890662143491e-15,2.0810167384020685e-14,1.0002819877858015e-13,1.4783302242138903e-13
4,8,8.6099999999999994,7.8925000000000001,3.0551463980772962,3.1156891896500021,3.0111527147363,3.0551463980772948,3.1156891896499985,3.0111527147362986,4.0213988308834458e-15,3.1577990563142793e-15,2.2092392100867661e-14,9.7607232108933973e-14,1.5710028483733211e-13
4,8,8.6099999999999994,7.9129999999999994,3.0613287196353247,3.1305317699299438,3.0140247114770649,3.0613287196353247,3.1305317699299429,3.0140247114770635,1.6011864169946884e-15,1.9586864091067193e-15,1.9378083414952205e-14,8.5105184947332672e-14,1.8197039692641546e-13
4,8,8.6099999999999994,7.9334999999999996,3.0672654807383513,3.1446927918131049,3.0167094851794265,3.0672654807383517,3.1446927918131036,3.0167094851794256,1.6616296724220897e-15,2.2322110008058505e-15,1.9407400286385912e-14,8.5920449660820049e-14,2.7134686556086907e-13
4,8,8.6099999999999994,7.9539999999999997,3.0729520244815833,3.1581590425312198,3.019203149034122,3.0729520244815824,3.1581590425312189,3.0192031490341211,1.5383701491068511e-15,2.1503407179978048e-15,1.5313432992918011e-14,8.5605970726551048e-14,1.6427699646514972e-13
4,8,8.6099999999999994,7.9744999999999999,3.0783847182565118,3.1709201509921576,3.0215025469670911,3.0783847182565123,3.1709201509921563,3.0215025469670902,1.6616296724220897e-15,3.1851261474318728e-15,1.6056162683649195e-14,8.1561505163000343e-14,2.0737206785464869e-13
4,8,8.6099999999999994,7.9949999999999992,3.0835609797945023,3.1829686609479175,3.0236052781142941,3.0835609797945023,3.1829686609479162,3.0236052781142932,1.6011864169946884e-15,5.2481529437194131e-15,1.3042167484290357e-14,8.3425263800116049e-14,1.7860338301505393e-13
4,8,8.6099999999999994,8.0154999999999994,3.0884792980256086,3.1943000898322542,3.0255097174001904,3.0884792980256091,3.1943000898322524,3.025509717400189,2.2644195468014703e-15,4.9077163614563925e-15,1.3691800413195739e-14,8.2393285244880321e-14,2.979424924437856e-13
4,8,8.6099999999999994,8.0359999999999996,3.0931392484207292,3.2049129723443817,3.0272150319536126,3.0931392484207278,3.2049129723443786,3.0272150319536113,3.6350268448048563e-15,5.5696284455294472e-15,1.210194023431526e-14,7.2260424433233371e-14,2.0228056330974723e-13
4,8,8.6099999999999994,8.0564999999999998,3.097541502485246,3.2148088878552494,3.0287211930947939,3.0975415024852451,3.2148088878552472,3.0287211930947922,2.9790409838967277e-15,5.474888426485528e-15,1.0443770683926805e-14,7.7177670815362147e-14,1.7146214805541388e-13
4,8,8.6099999999999994,8.077,3.1016878310722751,3.2239924707128402,3.0300289836272847,3.1016878310722751,3.2239924707128389,3.0300289836272842,1.4043333874306805e-15,5.8147102878548088e-15,1.2226197163290338e-14,9.4561286837126544e-14,2.9841737527930503e-13
4,8,8.6099999999999994,8.0975000000000001,3.1055811011836534,3.2324714025229588,3.0311400001685085,3.1055811011836512,3.2324714025229562,3.0311400001685067,3.8968670012594065e-15,6.353011166332947e-15,8.4873990654325111e-15,7.6337178430134496e-14,1.7681667171315929e-13
4,8,8.6099999999999994,8.1180000000000003,3.1092252659267836,3.2402563854819761,3.0320566502526884,3.1092252659267827,3.2402563854819748,3.032056650252688,1.6616296724220897e-15,5.6426477686109192e-15,1.2663357804684301e-14,5.820110589171845e-14,1.6526802468224855e-13
4,8,8.6099999999999994,8.1384999999999987,3.1126253472955012,3.2473610958380137,3.0327821439399218,3.1126253472955003,3.2473610958380128,3.0327821439399223,1.3322676295501878e-15,6.1528272113793958e-15,1.047676473872146e-14,3.3386531102785891e-14,1.5123047101747576e-13
4,8,8.6099999999999994,8.1589999999999989,3.1157874114430451,3.2538021165570106,3.033320479665107,3.1157874114430442,3.2538021165570097,3.033320479665107,1.2560739669470201e-15,6.8003744593136954e-15,5.8157038534773142e-15,7.0900062787663258e-14,1.7807035953876151e-13
4,8,8.6099999999999994,8.1794999999999991,3.1187185361152987,3.2595988482701506,3.0336764240604932,3.1187185361152987,3.2595988482701506,3.0336764240604941,8.8817841970012523e-16,6.2003783212098321e-15,7.4219052740779415e-15,8.0971724685337742e-14,1.5674273199164033e-13
4,8,8.6099999999999994,8.1999999999999993,3.1214267699124214,3.2647733975791264,3.033855485485601,3.121426769912421,3.2647733975791255,3.0338554854856001,1.3322676295501878e-15,6.181557554763848e-15,6.8878580036218381e-15,3.4656034513472405e-14,2.413231598231632e-13
4,8,8.6099999999999994,8.2204999999999995,3.1239210830469832,3.2693504417956838,3.033863880998231,3.1239210830469828,3.2693504417956842,3.0338638809982301,1.0877919644084146e-15,6.2018535665235221e-15,6.3285147056415576e-15,6.5079906270150797e-14,1.7628943309820639e-13
4,8,8.6099999999999994,8.2409999999999997,3.1262113092667705,3.2733570691919511,3.0337084965003474,3.1262113092667709,3.2733570691919507,3.0337084965003469,7.6918507455342553e-16,6.3166348512367913e-15,5.630483782817371e-15,8.1963037211063232e-14,2.5136547707388572e-13
4,8,8.6099999999999994,8.2614999999999998,3.1283080786103454,3.2768225938379678,3.0333968397925375,3.1283080786103445,3.2768225938379674,3.033396839792537,1.0877919644084146e-15,6.4299701317458784e-15,5.2085909388832178e-15,4.9243866853136041e-14,1.7060425539544567e-13
4,8,8.6099999999999994,8.2819999999999983,3.1302227406635286,3.2797783441029358,3.0329369862708289,3.1302227406635286,3.2797783441029349,3.0329369862708284,9.9301366129890925e-16,6.2156379145191488e-15,1.0029560876096375e-14,8.9288440032234025e-14,2.0903727720672762e-13
4,8,8.6099999999999994,8.3025000000000002,3.1319672779849137,3.2822574238966156,3.0323375169995792,3.1319672779849141,3.2822574238966156,3.0323375169995788,6.2803698347351007e-16,6.2718542831555883e-15,1.0737067836568065e-14,5.4613945862212206e-14,5.6121632234118252e-13
4,8,8.6099999999999994,8.3230000000000004,3.1335542093685484,3.2842944457273595,3.0316074488942131,3.1335542093685489,3.28429444572736,3.0316074488942135,7.6918507455342553e-16,6.7915006754117892e-15,8.8935724936636414e-15,4.3809800072617565e-14,2.590559301173434e-13
4,8,8.6099999999999994,8.3435000000000006,3.1349964826119168,3.2859252346532442,3.0307561567475232,3.1349964826119168,3.2859252346532442,3.0307561567475223,8.8817841970012523e-16,6.6988183811939991e-15,6.4974136686044713e-15,8.1131100036694447e-14,1.4250766696571006e-13
4,8,8.6099999999999994,8.363999999999999,3.13630735645734,3.2871865022027573,3.0297932868332973,3.13630735645734,3.2871865022027564,3.0297932868332969,9.9301366129890925e-16,7.0586527066626213e-15,5.8956919556826264e-15,8.3969272777995425e-14,1.7681667171315929e-13
4,8,8.6099999999999994,8.3844999999999992,3.1375002713749462,3.2881154893415268,3.0287286618210159,3.1375002713749454,3.2881154893415268,3.028728661821015,1.2560739669470201e-15,6.5305867317178102e-15,1.1633526939496029e-14,9.8174856964450535e-14,3.9003877736715062e-13
4,8,8.6099999999999994,8.4049999999999994,3.1385887088553184,3.2887495775615405,3.0275721767353581,3.1385887088553184,3.288749577561541,3.0275721767353585,6.2803698347351007e-16,8.0829745181718114e-15,1.6847611535758869e-14,1.4155234718157697e-13,9.2096864511970869e-14
4,8,8.6099999999999994,8.4254999999999995,3.1395860388799615,3.2891258671693326,3.0263336856942646,3.1395860388799615,3.2891258671693331,3.0263336856942651,6.2803698347351007e-16,7.2303141294446622e-15,1.8445746642061895e-14,7.1015405139152221e-14,4.7655386713598982e-13
4,8,8.6099999999999994,8.4459999999999997,3.1405053552377158,3.2892807218496012,3.0250228791593017,3.140505355237714,3.2892807218496007,3.0250228791593003,2.2644195468014703e-15,5.1517817672734955e-15,2.0816607696721795e-14,7.7638174738937229e-14,3.6042100796784094e-13
4,8,8.6099999999999994,8.4664999999999999,3.1413592983552427,3.2892492785807232,3.0236491514320694,3.1413592983552436,3.2892492785807241,3.0236491514320698,1.3322676295501878e-15,7.7860202718390188e-15,2.2346117179610879e-14,2.4887386932808549e-13,9.9028348985168265e-13
4,8,8.6099999999999994,8.4870000000000001,3.1421598653097362,3.2890649219786452,3.0222214581304181,3.1421598653097358,3.2890649219786465,3.0222214581304185,1.4728772825180591e-15,7.8256942659167995e-15,5.087681048627601e-15,1.4607227582405201e-13,7.148727348723665e-13
4,8,8.6099999999999994,8.5074999999999985,3.1429182066919354,3.2887587221455896,3.0207481633781734,3.1429182066919346,3.288758722145591,3.0207481633781734,1.6011864169946884e-15,8.8638985366071374e-15,1.3845331341961661e-14,6.9844941390817541e-14,1.1611940175102898e-12
4,8,8.6099999999999994,8.5279999999999987,3.1436444099876386,3.2883588351000759,3.019236876442168,3.1436444099876364,3.2883588351000759,3.0192368764421671,2.3914935841127266e-15,7.7913613603198817e-15,2.1560062346882979e-14,7.9381489724654597e-14,7.2743059699724704e-13
4,8,8.6099999999999994,8.5484999999999989,3.1443472691457899,3.2878898648646975,3.017694277550286,3.1443472691457899,3.2878898648646997,3.0176942775502855,2.2644195468014703e-15,7.2956521769504039e-15,1.6951182399076283e-14,5.6201415146817535e-14,6.8632690733029737e-13
4,8,8.6099999999999994,8.5689999999999991,3.145034040001307,3.287372186288148,3.0161259326242904,3.1450340400013062,3.2873721862881498,3.01612593262429,2.0350724194510405e-15,1.0926535023718292e-14,2.4226277334424138e-14,2.1479232104743795e-13,1.5199968998857637e-12
4,8,8.6099999999999994,8.5894999999999992,3.1457101812207524,3.2868212276779278,3.0145360966611507,3.1457101812207529,3.2868212276779296,3.0145360966611503,1.8841109504205299e-15,5.3348497960277023e-15,4.4555229412367258e-14,9.1218993791157513e-14,8.4986376734502265e-13
4,8,8.6099999999999994,8.6099999999999977,3.1463790804389968,3.2862467123202341,3.0129275054966516,3.1463790804389968,3.2862467123202364,3.012927505496652,2.2644195468014703e-15,9.6237830739062497e-15,3.0044202282622563e-14,1.1189638192393845e-13,1.5496349009168775e-12
